dataset,classifier,imbalance,min_level,min_type,seed,accuracy,minority_recall,macro_f1,balanced_accuracy,mcc,equal_opportunity_diff,fnr_diff,n_test,n_female_pos_test,status,run_id,runtime_sec,exported_at
adult,logistic_regression,50/50,100,horizontal,11,0.8175555555555556,0.8355555555555556,0.8174964243970602,0.8175555555555556,0.6355230635721765,-0.2068684855537124,0.2068684855537124,4500,338,ok,0,0.4,2026-07-14T14:34:29.463399
adult,logistic_regression,50/50,100,horizontal,22,0.8262222222222222,0.8457777777777777,0.8261557407435218,0.8262222222222222,0.652944032961809,-0.1945266272189348,0.1945266272189348,4500,338,ok,1,0.7,2026-07-14T14:34:29.463399
adult,logistic_regression,50/50,100,horizontal,33,0.814,0.8328888888888889,0.8139336133509363,0.8140000000000001,0.6284486086295951,-0.2350492965979502,0.2350492965979502,4500,335,ok,2,1.0,2026-07-14T14:34:29.463399
adult,logistic_regression,50/50,100,horizontal,44,0.8184444444444444,0.8373333333333334,0.8183796440952389,0.8184444444444445,0.6373438472513869,-0.1636998341214627,0.1636998341214627,4500,338,ok,3,1.4,2026-07-14T14:34:29.463399
adult,logistic_regression,50/50,100,horizontal,55,0.8224444444444444,0.8404444444444444,0.8223868977993314,0.8224444444444444,0.645307183515205,-0.1913175636179416,0.1913175636179416,4500,335,ok,4,1.7,2026-07-14T14:34:29.463399
adult,logistic_regression,50/50,100,vertical,11,0.8175555555555556,0.8355555555555556,0.8174964243970602,0.8175555555555556,0.6355230635721765,-0.2068684855537124,0.2068684855537124,4500,338,ok,5,2.0,2026-07-14T14:34:29.463399
adult,logistic_regression,50/50,100,vertical,22,0.8262222222222222,0.8457777777777777,0.8261557407435218,0.8262222222222222,0.652944032961809,-0.1945266272189348,0.1945266272189348,4500,338,ok,6,2.4,2026-07-14T14:34:29.463399
adult,logistic_regression,50/50,100,vertical,33,0.814,0.8328888888888889,0.8139336133509363,0.8140000000000001,0.6284486086295951,-0.2350492965979502,0.2350492965979502,4500,335,ok,7,2.7,2026-07-14T14:34:29.463399
adult,logistic_regression,50/50,100,vertical,44,0.8184444444444444,0.8373333333333334,0.8183796440952389,0.8184444444444445,0.6373438472513869,-0.1636998341214627,0.1636998341214627,4500,338,ok,8,3.1,2026-07-14T14:34:29.463399
adult,logistic_regression,50/50,100,vertical,55,0.8224444444444444,0.8404444444444444,0.8223868977993314,0.8224444444444444,0.645307183515205,-0.1913175636179416,0.1913175636179416,4500,335,ok,9,3.4,2026-07-14T14:34:29.463399
adult,logistic_regression,50/50,75,horizontal,11,0.8168888888888889,0.8359004739336493,0.8168209442844094,0.8168832541571033,0.6342299352187848,-0.2053888138459679,0.2053888138459679,3375,254,ok,10,3.7,2026-07-14T14:34:29.463399
adult,logistic_regression,50/50,75,horizontal,22,0.8305185185185185,0.8578199052132701,0.8303897319762403,0.8305104268212171,0.662016140844044,-0.198750260819908,0.198750260819908,3375,254,ok,11,4.1,2026-07-14T14:34:29.463399
adult,logistic_regression,50/50,75,horizontal,33,0.8231111111111111,0.8470657972732661,0.8230116674608943,0.8231182066935051,0.6469729441331257,-0.2181718807222364,0.2181718807222364,3375,251,ok,12,4.4,2026-07-14T14:34:29.463399
adult,logistic_regression,50/50,75,horizontal,44,0.8180740740740741,0.8406398104265402,0.8179793294436672,0.8180673859483027,0.6367894170056028,-0.1368178873038359,0.1368178873038359,3375,254,ok,13,4.8,2026-07-14T14:34:29.463399
adult,logistic_regression,50/50,75,horizontal,55,0.8142222222222222,0.8393598103141672,0.8141070695842403,0.814229668190259,0.6292486970834126,-0.20911895593115,0.20911895593115,3375,251,ok,14,5.1,2026-07-14T14:34:29.463399
adult,logistic_regression,50/50,75,vertical,11,0.8137777777777778,0.8351111111111111,0.8136929873862593,0.8137777777777777,0.6281275516518213,-0.2133086578693273,0.2133086578693273,4500,338,ok,15,5.6,2026-07-14T14:34:29.463399
adult,logistic_regression,50/50,75,vertical,22,0.8251111111111111,0.8457777777777777,0.825036382205911,0.8251111111111111,0.6507783692050357,-0.201489812086851,0.201489812086851,4500,338,ok,16,6.0,2026-07-14T14:34:29.463399
adult,logistic_regression,50/50,75,vertical,33,0.8126666666666666,0.8364444444444444,0.8125606917214577,0.8126666666666666,0.6260416402703775,-0.2497486458049179,0.2497486458049179,4500,335,ok,17,6.5,2026-07-14T14:34:29.463399
adult,logistic_regression,50/50,75,vertical,44,0.8188888888888889,0.8377777777777777,0.8188242471696692,0.8188888888888889,0.638233371113566,-0.1642228466737639,0.1642228466737639,4500,338,ok,18,6.9,2026-07-14T14:34:29.463399
adult,logistic_regression,50/50,75,vertical,55,0.8222222222222222,0.8475555555555555,0.8221080551251558,0.8222222222222222,0.64527322070371,-0.1961653871633997,0.1961653871633997,4500,335,ok,19,7.4,2026-07-14T14:34:29.463399
adult,logistic_regression,50/50,50,horizontal,11,0.8191111111111111,0.8444444444444444,0.8189949460898461,0.8191111111111111,0.6390429965038121,-0.1929575895620311,0.1929575895620311,2250,169,ok,20,7.7,2026-07-14T14:34:29.463399
adult,logistic_regression,50/50,50,horizontal,22,0.8177777777777778,0.8222222222222222,0.8177741782553729,0.8177777777777777,0.6355806654111837,-0.2155492560223811,0.2155492560223811,2250,169,ok,21,8.0,2026-07-14T14:34:29.463399
adult,logistic_regression,50/50,50,horizontal,33,0.8231111111111111,0.824,0.8231109713469403,0.8231111111111111,0.646223243415315,-0.2292950633180404,0.2292950633180404,2250,167,ok,22,8.4,2026-07-14T14:34:29.463399
adult,logistic_regression,50/50,50,horizontal,44,0.8204444444444444,0.8195555555555556,0.8204443025732762,0.8204444444444445,0.6408899016539781,-0.1567057017652448,0.1567057017652448,2250,169,ok,23,8.7,2026-07-14T14:34:29.463399
adult,logistic_regression,50/50,50,horizontal,55,0.8111111111111111,0.8204444444444444,0.8110946553566445,0.8111111111111111,0.6223306554985464,-0.2110559673971471,0.2110559673971471,2250,167,ok,24,9.0,2026-07-14T14:34:29.463399
adult,logistic_regression,50/50,50,vertical,11,0.8166666666666667,0.8377777777777777,0.8165849224160397,0.8166666666666667,0.6338986159985465,-0.2094835483152186,0.2094835483152186,4500,338,ok,25,9.5,2026-07-14T14:34:29.463399
adult,logistic_regression,50/50,50,vertical,22,0.8226666666666667,0.8457777777777777,0.8225718981555779,0.8226666666666667,0.6460238152799065,-0.2049714045208091,0.2049714045208091,4500,338,ok,26,9.9,2026-07-14T14:34:29.463399
adult,logistic_regression,50/50,50,vertical,33,0.8117777777777778,0.8351111111111111,0.8116752454113907,0.8117777777777777,0.6242356492931894,-0.2797474767156386,0.2797474767156386,4500,335,ok,27,10.3,2026-07-14T14:34:29.463399
adult,logistic_regression,50/50,50,vertical,44,0.8155555555555556,0.8351111111111111,0.8154849933722803,0.8155555555555556,0.6315943643091069,-0.1750111410957887,0.1750111410957887,4500,338,ok,28,10.8,2026-07-14T14:34:29.463399
adult,logistic_regression,50/50,50,vertical,55,0.8195555555555556,0.8475555555555555,0.8194139761128281,0.8195555555555556,0.6401156005107868,-0.1996726550017536,0.1996726550017536,4500,335,ok,29,11.2,2026-07-14T14:34:29.463399
adult,logistic_regression,50/50,25,horizontal,11,0.8257777777777778,0.8398576512455516,0.8257467994310099,0.8257902821059019,0.6518278230409948,-0.3016039051603905,0.3016039051603905,1125,84,ok,30,11.5,2026-07-14T14:34:29.463399
adult,logistic_regression,50/50,25,horizontal,22,0.824,0.8401420959147424,0.8239497843928223,0.8239856387047022,0.6483217543089055,-0.1304208712773813,0.1304208712773813,1125,85,ok,31,11.8,2026-07-14T14:34:29.463399
adult,logistic_regression,50/50,25,horizontal,33,0.8284444444444444,0.8294849023090586,0.8284439022424566,0.8284435187701876,0.6568891136392853,-0.2753255790834079,0.2753255790834079,1125,84,ok,32,12.2,2026-07-14T14:34:29.463399
adult,logistic_regression,50/50,25,horizontal,44,0.8090586145648313,0.8170515097690941,0.8090464152327466,0.8090586145648313,0.6181962228064821,-0.1447944868323899,0.1447944868323899,1126,85,ok,33,12.5,2026-07-14T14:34:29.463399
adult,logistic_regression,50/50,25,horizontal,55,0.8204444444444444,0.8472468916518651,0.8203080027580448,0.8204205988508435,0.6417850789035733,-0.2122477383437717,0.2122477383437717,1125,84,ok,34,12.8,2026-07-14T14:34:29.463399
adult,logistic_regression,50/50,25,vertical,11,0.8166666666666667,0.8395555555555556,0.8165705677606604,0.8166666666666667,0.6339979863840679,-0.2080940060904657,0.2080940060904657,4500,338,ok,35,13.2,2026-07-14T14:34:29.463399
adult,logistic_regression,50/50,25,vertical,22,0.8168888888888889,0.8417777777777777,0.8167753891595861,0.8168888888888889,0.6345644358778665,-0.2107090688519719,0.2107090688519719,4500,338,ok,36,13.7,2026-07-14T14:34:29.463399
adult,logistic_regression,50/50,25,vertical,33,0.8084444444444444,0.8297777777777777,0.8083572256884912,0.8084444444444444,0.6174511626719037,-0.2629593546627177,0.2629593546627177,4500,335,ok,37,14.1,2026-07-14T14:34:29.463399
adult,logistic_regression,50/50,25,vertical,44,0.8186666666666667,0.8342222222222222,0.818622777857358,0.8186666666666667,0.6376419952772046,-0.1704835235572281,0.1704835235572281,4500,338,ok,38,14.5,2026-07-14T14:34:29.463399
adult,logistic_regression,50/50,25,vertical,55,0.82,0.8462222222222222,0.8198761459484536,0.8200000000000001,0.6408819540464235,-0.2016133432056428,0.2016133432056428,4500,335,ok,39,14.9,2026-07-14T14:34:29.463399
adult,logistic_regression,80/20,100,horizontal,11,0.8615555555555555,0.5022222222222222,0.7543218454806655,0.7268055555555555,0.5239606475045996,-0.2130470363586765,0.2130470363586766,4500,134,ok,40,15.3,2026-07-14T14:34:29.463399
adult,logistic_regression,80/20,100,horizontal,22,0.8691111111111111,0.56,0.775810564706163,0.7531944444444445,0.5598570110735863,-0.2092700954727441,0.2092700954727441,4500,136,ok,41,15.6,2026-07-14T14:34:29.463399
adult,logistic_regression,80/20,100,horizontal,33,0.872,0.5555555555555556,0.7784657798004551,0.7533333333333334,0.5672343839866093,-0.2060900556821297,0.2060900556821296,4500,139,ok,42,16.0,2026-07-14T14:34:29.463399
adult,logistic_regression,80/20,100,horizontal,44,0.8668888888888889,0.5522222222222222,0.7715552321479375,0.7488888888888889,0.5516326381732114,-0.1539819391281727,0.1539819391281727,4500,142,ok,43,16.3,2026-07-14T14:34:29.463399
adult,logistic_regression,80/20,100,horizontal,55,0.8642222222222222,0.5344444444444445,0.7646514226070391,0.7405555555555556,0.5396114157233913,-0.1338345864661653,0.1338345864661653,4500,140,ok,44,16.7,2026-07-14T14:34:29.463399
adult,logistic_regression,80/20,100,vertical,11,0.8615555555555555,0.5022222222222222,0.7543218454806655,0.7268055555555555,0.5239606475045996,-0.2130470363586765,0.2130470363586766,4500,134,ok,45,17.0,2026-07-14T14:34:29.463399
adult,logistic_regression,80/20,100,vertical,22,0.8691111111111111,0.56,0.775810564706163,0.7531944444444445,0.5598570110735863,-0.2092700954727441,0.2092700954727441,4500,136,ok,46,17.3,2026-07-14T14:34:29.463399
adult,logistic_regression,80/20,100,vertical,33,0.872,0.5555555555555556,0.7784657798004551,0.7533333333333334,0.5672343839866093,-0.2060900556821297,0.2060900556821296,4500,139,ok,47,17.7,2026-07-14T14:34:29.463399
adult,logistic_regression,80/20,100,vertical,44,0.8668888888888889,0.5522222222222222,0.7715552321479375,0.7488888888888889,0.5516326381732114,-0.1539819391281727,0.1539819391281727,4500,142,ok,48,18.0,2026-07-14T14:34:29.463399
adult,logistic_regression,80/20,100,vertical,55,0.8642222222222222,0.5344444444444445,0.7646514226070391,0.7405555555555556,0.5396114157233913,-0.1338345864661653,0.1338345864661653,4500,140,ok,49,18.4,2026-07-14T14:34:29.463399
adult,logistic_regression,80/20,75,horizontal,11,0.8607407407407407,0.5244444444444445,0.7583341763388858,0.7346296296296296,0.5270725623909407,-0.2208576258322696,0.2208576258322695,3375,101,ok,50,18.7,2026-07-14T14:34:29.463399
adult,logistic_regression,80/20,75,horizontal,22,0.8728888888888889,0.56,0.7804428673786209,0.7555555555555555,0.5708232968424182,-0.3016630736064059,0.3016630736064059,3375,102,ok,51,19.0,2026-07-14T14:34:29.463399
adult,logistic_regression,80/20,75,horizontal,33,0.8678518518518519,0.554074074074074,0.773096041763895,0.7501851851851852,0.5548333692436674,-0.1434898289101441,0.1434898289101441,3375,104,ok,52,19.4,2026-07-14T14:34:29.463399
adult,logistic_regression,80/20,75,horizontal,44,0.8607407407407407,0.4948148148148148,0.7516228092701178,0.7235185185185184,0.5197459257374005,-0.2400603508306529,0.2400603508306529,3375,106,ok,53,19.7,2026-07-14T14:34:29.463399
adult,logistic_regression,80/20,75,horizontal,55,0.856,0.5348148148148149,0.7549940729552294,0.7355555555555555,0.5167511768214028,-0.1709273182957393,0.1709273182957393,3375,105,ok,54,20.1,2026-07-14T14:34:29.463399
adult,logistic_regression,80/20,75,vertical,11,0.8597777777777778,0.4922222222222222,0.7498614966501526,0.7219444444444445,0.5162029736537054,-0.2188340282919605,0.2188340282919605,4500,134,ok,55,20.6,2026-07-14T14:34:29.463399
adult,logistic_regression,80/20,75,vertical,22,0.8664444444444445,0.5444444444444444,0.7694263127162349,0.7456944444444444,0.548465673848421,-0.2169310132429935,0.2169310132429934,4500,136,ok,56,21.1,2026-07-14T14:34:29.463399
adult,logistic_regression,80/20,75,vertical,33,0.8724444444444445,0.5533333333333333,0.7785702651498916,0.7527777777777778,0.5680735962630276,-0.1949536297374715,0.1949536297374715,4500,139,ok,57,21.5,2026-07-14T14:34:29.463399
adult,logistic_regression,80/20,75,vertical,44,0.8664444444444445,0.5477777777777778,0.7701121286698864,0.7469444444444444,0.5492751986253742,-0.1487048942732914,0.1487048942732914,4500,142,ok,58,22.0,2026-07-14T14:34:29.463399
adult,logistic_regression,80/20,75,vertical,55,0.864,0.5333333333333333,0.7641480348752605,0.74,0.5386952441358982,-0.1240601503759399,0.1240601503759398,4500,140,ok,59,22.5,2026-07-14T14:34:29.463399
adult,logistic_regression,80/20,50,horizontal,11,0.8648888888888889,0.5333333333333333,0.7652182509171591,0.7405555555555556,0.5412736812415928,-0.1706870347998909,0.1706870347998909,2250,67,ok,60,22.8,2026-07-14T14:34:29.463399
adult,logistic_regression,80/20,50,horizontal,22,0.8702222222222222,0.54,0.7731131091584948,0.7463888888888889,0.5585730919161032,-0.1164151524484139,0.1164151524484139,2250,68,ok,61,23.3,2026-07-14T14:34:29.463399
adult,logistic_regression,80/20,50,horizontal,33,0.8715555555555555,0.5822222222222222,0.7830714678180142,0.7630555555555556,0.5721115568325518,-0.1650375939849624,0.1650375939849624,2250,70,ok,62,23.6,2026-07-14T14:34:29.463399
adult,logistic_regression,80/20,50,horizontal,44,0.8684444444444445,0.5466666666666666,0.7723120514615789,0.7477777777777778,0.5547950334605871,-0.1808316919989595,0.1808316919989595,2250,71,ok,63,23.9,2026-07-14T14:34:29.463399
adult,logistic_regression,80/20,50,horizontal,55,0.8746666666666667,0.5533333333333333,0.7813275434243176,0.7541666666666667,0.5747560006013619,-0.0462406015037594,0.0462406015037594,2250,70,ok,64,24.3,2026-07-14T14:34:29.463399
adult,logistic_regression,80/20,50,vertical,11,0.8597777777777778,0.4866666666666667,0.7485376973385733,0.7198611111111111,0.5148898987476999,-0.1947702739565878,0.1947702739565878,4500,134,ok,65,24.7,2026-07-14T14:34:29.463399
adult,logistic_regression,80/20,50,vertical,22,0.8642222222222222,0.5233333333333333,0.7622607356852127,0.7363888888888889,0.5369228370507414,-0.1834000615953187,0.1834000615953187,4500,136,ok,66,25.2,2026-07-14T14:34:29.463399
adult,logistic_regression,80/20,50,vertical,33,0.8715555555555555,0.5466666666666666,0.7761262630661871,0.7497222222222222,0.5639988413778918,-0.1870692670567881,0.1870692670567881,4500,139,ok,67,25.7,2026-07-14T14:34:29.463399
adult,logistic_regression,80/20,50,vertical,44,0.8628888888888889,0.5177777777777778,0.7594354127188095,0.7334722222222223,0.5316534177093005,-0.1130848415028429,0.1130848415028429,4500,142,ok,68,26.1,2026-07-14T14:34:29.463399
adult,logistic_regression,80/20,50,vertical,55,0.8631111111111112,0.5188888888888888,0.7599480407014505,0.7340277777777777,0.5325775634955543,-0.1238721804511277,0.1238721804511276,4500,140,ok,69,26.6,2026-07-14T14:34:29.463399
adult,logistic_regression,80/20,25,horizontal,11,0.8631111111111112,0.5022222222222222,0.7561919504643962,0.7277777777777779,0.5286912768766167,-0.2797967354481059,0.279796735448106,1125,34,ok,70,26.9,2026-07-14T14:34:29.463399
adult,logistic_regression,80/20,25,horizontal,22,0.8737777777777778,0.5688888888888889,0.7832711071556486,0.7594444444444444,0.5753675427908054,-0.1504465660609794,0.1504465660609794,1125,34,ok,71,27.2,2026-07-14T14:34:29.463399
adult,logistic_regression,80/20,25,horizontal,33,0.8657777777777778,0.5377777777777778,0.7672310670991134,0.7427777777777778,0.5449301427948785,-0.2308270676691729,0.2308270676691729,1125,35,ok,72,27.5,2026-07-14T14:34:29.463399
adult,logistic_regression,80/20,25,horizontal,44,0.8595555555555555,0.5288888888888889,0.7578944787682651,0.7355555555555555,0.5248843432120907,-0.0849624060150376,0.0849624060150376,1125,35,ok,73,27.9,2026-07-14T14:34:29.463399
adult,logistic_regression,80/20,25,horizontal,55,0.8595555555555555,0.5466666666666666,0.7616602126084764,0.7422222222222222,0.5297663998180961,-0.2075187969924812,0.2075187969924812,1125,35,ok,74,28.2,2026-07-14T14:34:29.463399
adult,logistic_regression,80/20,25,vertical,11,0.8597777777777778,0.4844444444444444,0.7480029936126147,0.7190277777777778,0.5143726148079931,-0.1746229687073769,0.174622968707377,4500,134,ok,75,28.7,2026-07-14T14:34:29.463399
adult,logistic_regression,80/20,25,vertical,22,0.8628888888888889,0.5144444444444445,0.758694284474452,0.7322222222222222,0.5308550725000081,-0.1642670157068062,0.1642670157068062,4500,136,ok,76,29.1,2026-07-14T14:34:29.463399
adult,logistic_regression,80/20,25,vertical,33,0.8706666666666667,0.5466666666666666,0.7750317738628667,0.7491666666666666,0.5613442445434074,-0.1615443519034969,0.1615443519034969,4500,139,ok,77,29.5,2026-07-14T14:34:29.463399
adult,logistic_regression,80/20,25,vertical,44,0.8611111111111112,0.5144444444444445,0.7565651458934293,0.7311111111111112,0.5256042599457585,-0.0924040283919878,0.0924040283919878,4500,142,ok,78,30.0,2026-07-14T14:34:29.463399
adult,logistic_regression,80/20,25,vertical,55,0.8608888888888889,0.5011111111111111,0.7532673464354183,0.7259722222222222,0.5216870558343774,-0.0943609022556391,0.094360902255639,4500,140,ok,79,30.4,2026-07-14T14:34:29.463399
adult,logistic_regression,90/10,100,horizontal,11,0.9162222222222224,0.3488888888888889,0.7045207026224245,0.664074074074074,0.437261645618687,-0.1602746212121212,0.1602746212121211,4500,66,ok,80,30.8,2026-07-14T14:34:29.463399
adult,logistic_regression,90/10,100,horizontal,22,0.9171111111111112,0.2977777777777777,0.6867370806807389,0.6418518518518518,0.4221762941006466,-0.2490014835102134,0.2490014835102134,4500,69,ok,81,31.1,2026-07-14T14:34:29.463399
adult,logistic_regression,90/10,100,horizontal,33,0.9226666666666666,0.3577777777777777,0.7194101521205497,0.671604938271605,0.4774856461139735,-0.0885566417481311,0.0885566417481311,4500,74,ok,82,31.5,2026-07-14T14:34:29.463399
adult,logistic_regression,90/10,100,horizontal,44,0.9188888888888888,0.3577777777777777,0.7123986894835626,0.6695061728395062,0.4553207506752341,-0.0182769521456342,0.0182769521456341,4500,73,ok,83,31.8,2026-07-14T14:34:29.463399
adult,logistic_regression,90/10,100,horizontal,55,0.9177777777777778,0.34,0.7041064690678411,0.6609876543209877,0.4422673286608198,-0.1321022727272727,0.1321022727272727,4500,66,ok,84,32.2,2026-07-14T14:34:29.463399
adult,logistic_regression,90/10,100,vertical,11,0.9162222222222224,0.3488888888888889,0.7045207026224245,0.664074074074074,0.437261645618687,-0.1602746212121212,0.1602746212121211,4500,66,ok,85,32.5,2026-07-14T14:34:29.463399
adult,logistic_regression,90/10,100,vertical,22,0.9171111111111112,0.2977777777777777,0.6867370806807389,0.6418518518518518,0.4221762941006466,-0.2490014835102134,0.2490014835102134,4500,69,ok,86,32.8,2026-07-14T14:34:29.463399
adult,logistic_regression,90/10,100,vertical,33,0.9226666666666666,0.3577777777777777,0.7194101521205497,0.671604938271605,0.4774856461139735,-0.0885566417481311,0.0885566417481311,4500,74,ok,87,33.2,2026-07-14T14:34:29.463399
adult,logistic_regression,90/10,100,vertical,44,0.9188888888888888,0.3577777777777777,0.7123986894835626,0.6695061728395062,0.4553207506752341,-0.0182769521456342,0.0182769521456341,4500,73,ok,88,33.5,2026-07-14T14:34:29.463399
adult,logistic_regression,90/10,100,vertical,55,0.9177777777777778,0.34,0.7041064690678411,0.6609876543209877,0.4422673286608198,-0.1321022727272727,0.1321022727272727,4500,66,ok,89,33.9,2026-07-14T14:34:29.463399
adult,logistic_regression,90/10,75,horizontal,11,0.9241481481481482,0.3531157270029673,0.7204303302028433,0.6703037489524383,0.4848642826079403,-0.1266298185941043,0.1266298185941042,3375,49,ok,90,34.2,2026-07-14T14:34:29.463399
adult,logistic_regression,90/10,75,horizontal,22,0.9205925925925926,0.3550295857988165,0.7147529940686284,0.6692829851944363,0.464713803979366,-0.2377622377622377,0.2377622377622378,3375,52,ok,91,34.6,2026-07-14T14:34:29.463399
adult,logistic_regression,90/10,75,horizontal,33,0.9208888888888888,0.3668639053254438,0.7193653116995352,0.6747062364954515,0.4705364668719234,-0.2256838905775075,0.2256838905775076,3375,56,ok,92,34.9,2026-07-14T14:34:29.463399
adult,logistic_regression,90/10,75,horizontal,44,0.9164444444444444,0.3431952662721893,0.7030702860009534,0.6617194638901283,0.4367265358144512,-0.0407324124638612,0.0407324124638612,3375,55,ok,93,35.3,2026-07-14T14:34:29.463399
adult,logistic_regression,90/10,75,horizontal,55,0.9182222222222224,0.3165680473372781,0.6963226185042708,0.6508753967341643,0.4367945592672242,-0.0898611111111111,0.0898611111111111,3375,50,ok,94,35.6,2026-07-14T14:34:29.463399
adult,logistic_regression,90/10,75,vertical,11,0.9148888888888888,0.3355555555555555,0.697407288735949,0.6574074074074074,0.4245173858045339,-0.1446496212121212,0.1446496212121211,4500,66,ok,95,36.1,2026-07-14T14:34:29.463399
adult,logistic_regression,90/10,75,vertical,22,0.9182222222222224,0.2977777777777777,0.6886927803795242,0.6424691358024691,0.4294256795775518,-0.2490014835102134,0.2490014835102134,4500,69,ok,96,36.5,2026-07-14T14:34:29.463399
adult,logistic_regression,90/10,75,vertical,33,0.924,0.3622222222222222,0.7234886923225081,0.674320987654321,0.4871490542121054,-0.0938757906843013,0.0938757906843013,4500,74,ok,97,37.0,2026-07-14T14:34:29.463399
adult,logistic_regression,90/10,75,vertical,44,0.9193333333333332,0.3577777777777777,0.7132084747027402,0.6697530864197531,0.4578128670441052,-0.0182769521456342,0.0182769521456341,4500,73,ok,98,37.5,2026-07-14T14:34:29.463399
adult,logistic_regression,90/10,75,vertical,55,0.9184444444444444,0.34,0.7053035195307126,0.6613580246913581,0.4461000544065898,-0.1321022727272727,0.1321022727272727,4500,66,ok,99,38.0,2026-07-14T14:34:29.463399
adult,logistic_regression,90/10,50,horizontal,11,0.9204444444444444,0.3466666666666667,0.7113472254573471,0.6654320987654321,0.4603099034480032,-0.0866477272727272,0.0866477272727272,2250,33,ok,100,38.3,2026-07-14T14:34:29.463399
adult,logistic_regression,90/10,50,horizontal,22,0.92,0.3333333333333333,0.7056899934597777,0.6592592592592592,0.4530333378893934,-0.056390977443609,0.0563909774436089,2250,35,ok,101,38.6,2026-07-14T14:34:29.463399
adult,logistic_regression,90/10,50,horizontal,33,0.9186666666666666,0.3422222222222222,0.7065073050634707,0.6624691358024691,0.4482205633644234,-0.1831512363427256,0.1831512363427256,2250,37,ok,102,39.0,2026-07-14T14:34:29.463399
adult,logistic_regression,90/10,50,horizontal,44,0.9164444444444444,0.3511111111111111,0.7056949078957255,0.6651851851851852,0.4393638763223417,-0.0967510063254744,0.0967510063254744,2250,37,ok,103,39.3,2026-07-14T14:34:29.463399
adult,logistic_regression,90/10,50,horizontal,55,0.9195555555555556,0.3644444444444444,0.7159001726573536,0.6728395061728395,0.4615262004087207,-0.1785037878787878,0.1785037878787878,2250,33,ok,104,39.7,2026-07-14T14:34:29.463399
adult,logistic_regression,90/10,50,vertical,11,0.9182222222222224,0.3377777777777778,0.7040963359407163,0.6602469135802469,0.443973000909428,-0.1650094696969697,0.1650094696969697,4500,66,ok,105,40.1,2026-07-14T14:34:29.463399
adult,logistic_regression,90/10,50,vertical,22,0.9195555555555556,0.3,0.69197757581625,0.6441975308641975,0.4391820434252261,-0.2345087298870249,0.2345087298870249,4500,69,ok,106,40.6,2026-07-14T14:34:29.463399
adult,logistic_regression,90/10,50,vertical,33,0.9228888888888888,0.3488888888888889,0.7167130587206751,0.6677777777777778,0.4761885529638541,-0.0940914318573892,0.0940914318573892,4500,74,ok,107,41.0,2026-07-14T14:34:29.463399
adult,logistic_regression,90/10,50,vertical,44,0.9195555555555556,0.3533333333333333,0.712068721719457,0.6679012345679012,0.4574459618073406,0.0033792376730496,-0.0033792376730495,4500,73,ok,108,41.5,2026-07-14T14:34:29.463399
adult,logistic_regression,90/10,50,vertical,55,0.9186666666666666,0.3377777777777778,0.7048968841267851,0.6604938271604939,0.446569309315227,-0.1650094696969697,0.1650094696969697,4500,66,ok,109,41.9,2026-07-14T14:34:29.463399
adult,logistic_regression,90/10,25,horizontal,11,0.9191111111111112,0.2654867256637168,0.6769985076463406,0.6287907936618979,0.4285857457347348,-0.1047794117647058,0.1047794117647058,1125,17,ok,110,42.3,2026-07-14T14:34:29.463399
adult,logistic_regression,90/10,25,horizontal,22,0.905861456483126,0.2410714285714285,0.6434153919694072,0.6101806846999155,0.3264626129211194,-0.0761609907120743,0.0761609907120742,1126,17,ok,111,42.6,2026-07-14T14:34:29.463399
adult,logistic_regression,90/10,25,horizontal,33,0.9244444444444444,0.3125,0.705520055431519,0.6523013326752221,0.4756632238826118,-0.1075650118203309,0.1075650118203309,1125,18,ok,112,42.9,2026-07-14T14:34:29.463399
adult,logistic_regression,90/10,25,horizontal,44,0.9262877442273536,0.4285714285714285,0.7481371288743004,0.7049168779938011,0.5185018779213433,-0.0472813238770685,0.0472813238770686,1126,18,ok,113,43.2,2026-07-14T14:34:29.463399
adult,logistic_regression,90/10,25,horizontal,55,0.9182222222222224,0.3451327433628318,0.7072963800904978,0.6636730910490048,0.4486562311724953,-0.1292892156862745,0.1292892156862743,1125,17,ok,114,43.5,2026-07-14T14:34:29.463399
adult,logistic_regression,90/10,25,vertical,11,0.9175555555555556,0.3377777777777778,0.7029029029029029,0.6598765432098765,0.4401383338701888,-0.1650094696969697,0.1650094696969697,4500,66,ok,115,44.0,2026-07-14T14:34:29.463399
adult,logistic_regression,90/10,25,vertical,22,0.9182222222222224,0.3,0.6895944408913588,0.6434567901234568,0.4301962027200267,-0.2516261554262239,0.251626155426224,4500,69,ok,116,44.4,2026-07-14T14:34:29.463399
adult,logistic_regression,90/10,25,vertical,33,0.9242222222222222,0.3511111111111111,0.7200507685057935,0.6695061728395062,0.4854937747674563,-0.0967510063254744,0.0967510063254744,4500,74,ok,117,44.9,2026-07-14T14:34:29.463399
adult,logistic_regression,90/10,25,vertical,44,0.9188888888888888,0.3466666666666667,0.7085011706983424,0.6645679012345679,0.4511588902191863,0.0440390974165182,-0.0440390974165183,4500,73,ok,118,45.3,2026-07-14T14:34:29.463399
adult,logistic_regression,90/10,25,vertical,55,0.9175555555555556,0.3266666666666666,0.6987970826887254,0.6549382716049383,0.4358407447548962,-0.1342329545454545,0.1342329545454545,4500,66,ok,119,45.8,2026-07-14T14:34:29.463399
adult,logistic_regression,95/5,100,horizontal,11,0.9553333333333334,0.2177777777777777,0.6523292021560587,0.6059649122807017,0.3631866133510715,-0.0608465608465608,0.0608465608465608,4500,36,ok,120,46.1,2026-07-14T14:34:29.463399
adult,logistic_regression,95/5,100,horizontal,22,0.9555555555555556,0.2,0.6436913575359278,0.5976608187134503,0.3567846690701938,-0.1663073606405913,0.1663073606405912,4500,34,ok,121,46.5,2026-07-14T14:34:29.463399
adult,logistic_regression,95/5,100,horizontal,33,0.9568888888888888,0.2177777777777777,0.6566690368170349,0.6067836257309942,0.3843330302193328,0.0391891891891891,-0.0391891891891891,4500,40,ok,122,46.8,2026-07-14T14:34:29.463399
adult,logistic_regression,95/5,100,horizontal,44,0.9551111111111112,0.1733333333333333,0.6277031454783748,0.5847953216374269,0.3363906985221138,-0.0699248120300751,0.0699248120300751,4500,35,ok,123,47.1,2026-07-14T14:34:29.463399
adult,logistic_regression,95/5,100,horizontal,55,0.9551111111111112,0.1822222222222222,0.6327783128324791,0.5890058479532164,0.3410683843049518,-0.012781954887218,0.012781954887218,4500,35,ok,124,47.5,2026-07-14T14:34:29.463399
adult,logistic_regression,95/5,100,vertical,11,0.9553333333333334,0.2177777777777777,0.6523292021560587,0.6059649122807017,0.3631866133510715,-0.0608465608465608,0.0608465608465608,4500,36,ok,125,47.8,2026-07-14T14:34:29.463399
adult,logistic_regression,95/5,100,vertical,22,0.9555555555555556,0.2,0.6436913575359278,0.5976608187134503,0.3567846690701938,-0.1663073606405913,0.1663073606405912,4500,34,ok,126,48.2,2026-07-14T14:34:29.463399
adult,logistic_regression,95/5,100,vertical,33,0.9568888888888888,0.2177777777777777,0.6566690368170349,0.6067836257309942,0.3843330302193328,0.0391891891891891,-0.0391891891891891,4500,40,ok,127,48.5,2026-07-14T14:34:29.463399
adult,logistic_regression,95/5,100,vertical,44,0.9551111111111112,0.1733333333333333,0.6277031454783748,0.5847953216374269,0.3363906985221138,-0.0699248120300751,0.0699248120300751,4500,35,ok,128,48.8,2026-07-14T14:34:29.463399
adult,logistic_regression,95/5,100,vertical,55,0.9551111111111112,0.1822222222222222,0.6327783128324791,0.5890058479532164,0.3410683843049518,-0.012781954887218,0.012781954887218,4500,35,ok,129,49.2,2026-07-14T14:34:29.463399
adult,logistic_regression,95/5,75,horizontal,11,0.9573333333333334,0.2130177514792899,0.6556473829201102,0.6047933423647229,0.3900750847509214,-0.0331246739697443,0.0331246739697443,3375,27,ok,130,49.5,2026-07-14T14:34:29.463399
adult,logistic_regression,95/5,75,horizontal,22,0.9567407407407408,0.2071005917159763,0.6508647076828895,0.6016788049035278,0.3784817579543844,-0.1538461538461538,0.1538461538461539,3375,26,ok,131,49.9,2026-07-14T14:34:29.463399
adult,logistic_regression,95/5,75,horizontal,33,0.957345971563981,0.1834319526627219,0.639486353483488,0.5907805226363189,0.3802825829731061,-0.1419664268585131,0.1419664268585132,3376,30,ok,132,50.2,2026-07-14T14:34:29.463399
adult,logistic_regression,95/5,75,horizontal,44,0.9534952606635072,0.1538461538461538,0.612404359237053,0.5747403516346454,0.3012554746915997,-0.0454545454545454,0.0454545454545454,3376,26,ok,133,50.6,2026-07-14T14:34:29.463399
adult,logistic_regression,95/5,75,horizontal,55,0.9555555555555556,0.1785714285714285,0.631389252948886,0.5874148068956301,0.342986334548827,-0.0292524377031419,0.0292524377031418,3375,26,ok,134,50.9,2026-07-14T14:34:29.463399
adult,logistic_regression,95/5,75,vertical,11,0.9553333333333334,0.2177777777777777,0.6523292021560587,0.6059649122807017,0.3631866133510715,-0.0608465608465608,0.0608465608465608,4500,36,ok,135,51.4,2026-07-14T14:34:29.463399
adult,logistic_regression,95/5,75,vertical,22,0.9551111111111112,0.2,0.6425110589538199,0.5974269005847953,0.3506565325002237,-0.1663073606405913,0.1663073606405912,4500,34,ok,136,51.8,2026-07-14T14:34:29.463399
adult,logistic_regression,95/5,75,vertical,33,0.9573333333333334,0.2266666666666666,0.6624425097399401,0.6112280701754386,0.3945738469592124,0.0283783783783783,-0.0283783783783784,4500,40,ok,137,52.3,2026-07-14T14:34:29.463399
adult,logistic_regression,95/5,75,vertical,44,0.9551111111111112,0.1733333333333333,0.6277031454783748,0.5847953216374269,0.3363906985221138,-0.0699248120300751,0.0699248120300751,4500,35,ok,138,52.8,2026-07-14T14:34:29.463399
adult,logistic_regression,95/5,75,vertical,55,0.9555555555555556,0.1777777777777777,0.631389252948886,0.5871345029239766,0.3456704419296204,-0.0075187969924812,0.0075187969924811,4500,35,ok,139,53.2,2026-07-14T14:34:29.463399
adult,logistic_regression,95/5,50,horizontal,11,0.9551111111111112,0.2232142857142857,0.6539510491107798,0.6083330549244955,0.3610581668050137,-0.0011820330969267,0.0011820330969266,2250,18,ok,140,53.5,2026-07-14T14:34:29.463399
adult,logistic_regression,95/5,50,horizontal,22,0.9537777777777776,0.1875,0.6318925755564085,0.5907097754911133,0.3234242747396885,-0.1517027863777089,0.1517027863777089,2250,17,ok,141,53.9,2026-07-14T14:34:29.463399
adult,logistic_regression,95/5,50,horizontal,33,0.9573333333333334,0.2767857142857143,0.6851477181955465,0.6348849057864493,0.4145925553842676,-0.2760869565217391,0.2760869565217391,2250,20,ok,142,54.2,2026-07-14T14:34:29.463399
adult,logistic_regression,95/5,50,horizontal,44,0.9542222222222222,0.1339285714285714,0.6009889619859128,0.5655611051717225,0.2965681047234322,-0.0191950464396284,0.0191950464396284,2250,17,ok,143,54.5,2026-07-14T14:34:29.463399
adult,logistic_regression,95/5,50,horizontal,55,0.9546666666666668,0.1858407079646017,0.6341253443526171,0.5905806253908175,0.3394277109226901,-0.1549707602339181,0.1549707602339181,2250,18,ok,144,54.9,2026-07-14T14:34:29.463399
adult,logistic_regression,95/5,50,vertical,11,0.9551111111111112,0.2088888888888889,0.6471799234896661,0.6016374269005849,0.3555174821205655,-0.0171957671957671,0.0171957671957672,4500,36,ok,145,55.3,2026-07-14T14:34:29.463399
adult,logistic_regression,95/5,50,vertical,22,0.9551111111111112,0.2044444444444444,0.644861390455562,0.59953216374269,0.3530834319266979,-0.1715429627348321,0.1715429627348321,4500,34,ok,146,55.8,2026-07-14T14:34:29.463399
adult,logistic_regression,95/5,50,vertical,33,0.9564444444444444,0.2088888888888889,0.6508175303852093,0.6023391812865497,0.373876150223257,0.0499999999999999,-0.05,4500,40,ok,147,56.2,2026-07-14T14:34:29.463399
adult,logistic_regression,95/5,50,vertical,44,0.956,0.1777777777777777,0.632534284427537,0.5873684210526315,0.3529980463505671,-0.075187969924812,0.075187969924812,4500,35,ok,148,56.7,2026-07-14T14:34:29.463399
adult,logistic_regression,95/5,50,vertical,55,0.9546666666666668,0.1644444444444444,0.62139895971322,0.5803508771929825,0.3246447896155818,0.0082706766917293,-0.0082706766917293,4500,35,ok,149,57.1,2026-07-14T14:34:29.463399
adult,logistic_regression,95/5,25,horizontal,11,0.9617777777777776,0.2982456140350877,0.7108850652338917,0.6477183126355214,0.4903331449219361,0.1736111111111111,-0.1736111111111111,1125,9,ok,150,57.5,2026-07-14T14:34:29.463399
adult,logistic_regression,95/5,25,horizontal,22,0.9528888888888888,0.1964285714285714,0.6344827586206896,0.5944724709341174,0.3189067945535653,-0.0833333333333333,0.0833333333333333,1125,8,ok,151,57.8,2026-07-14T14:34:29.463399
adult,logistic_regression,95/5,25,horizontal,33,0.9537777777777776,0.2678571428571428,0.6709342093420934,0.6287835761058399,0.3728102309837631,-0.0826086956521738,0.0826086956521738,1125,10,ok,152,58.1,2026-07-14T14:34:29.463399
adult,logistic_regression,95/5,25,horizontal,44,0.9528888888888888,0.1785714285714285,0.624813586624801,0.5860116263530669,0.3066730980405425,0.1843971631205673,-0.1843971631205673,1125,9,ok,153,58.4,2026-07-14T14:34:29.463399
adult,logistic_regression,95/5,25,horizontal,55,0.9528888888888888,0.1428571428571428,0.6037916392560253,0.5690899371909662,0.2811924073587973,0.0945626477541371,-0.0945626477541371,1125,9,ok,154,58.7,2026-07-14T14:34:29.463399
adult,logistic_regression,95/5,25,vertical,11,0.9548888888888888,0.2,0.6419263305072886,0.5973099415204678,0.3476899948694654,-0.0066137566137565,0.0066137566137566,4500,36,ok,155,59.2,2026-07-14T14:34:29.463399
adult,logistic_regression,95/5,25,vertical,22,0.9544444444444444,0.1733333333333333,0.6260505547220796,0.5844444444444444,0.326330091857245,-0.1348937480751463,0.1348937480751463,4500,34,ok,156,59.6,2026-07-14T14:34:29.463399
adult,logistic_regression,95/5,25,vertical,33,0.9577777777777776,0.2177777777777777,0.6592343893480257,0.6072514619883042,0.3979033047074261,0.0391891891891891,-0.0391891891891891,4500,40,ok,157,60.1,2026-07-14T14:34:29.463399
adult,logistic_regression,95/5,25,vertical,44,0.956,0.1822222222222222,0.6350753604193972,0.5894736842105264,0.3549501853371269,-0.0804511278195488,0.0804511278195487,4500,35,ok,158,60.5,2026-07-14T14:34:29.463399
adult,logistic_regression,95/5,25,vertical,55,0.9542222222222222,0.16,0.6176871848084476,0.5780116959064328,0.3151937040372534,0.0135338345864661,-0.0135338345864661,4500,35,ok,159,61.0,2026-07-14T14:34:29.463399
adult,random_forest,50/50,100,horizontal,11,0.8144444444444444,0.8275555555555556,0.8144125417312478,0.8144444444444445,0.6291052140077606,-0.1243408184991705,0.1243408184991705,4500,338,ok,160,61.6,2026-07-14T14:34:29.463399
adult,random_forest,50/50,100,horizontal,22,0.814,0.8311111111111111,0.8139455250873207,0.8140000000000001,0.6283680677264183,-0.1320065113515387,0.1320065113515387,4500,338,ok,161,62.3,2026-07-14T14:34:29.463399
adult,random_forest,50/50,100,horizontal,33,0.8106666666666666,0.8173333333333334,0.8106582514778434,0.8106666666666666,0.6213885703280048,-0.1255835703986594,0.1255835703986594,4500,335,ok,162,62.9,2026-07-14T14:34:29.463399
adult,random_forest,50/50,100,horizontal,44,0.8162222222222222,0.8155555555555556,0.8162221405431735,0.8162222222222222,0.6324450066180335,-0.0858483325493303,0.0858483325493303,4500,338,ok,163,63.5,2026-07-14T14:34:29.463399
adult,random_forest,50/50,100,horizontal,55,0.8144444444444444,0.8271111111111111,0.8144146683090042,0.8144444444444445,0.6290907895323878,-0.1160282140212775,0.1160282140212775,4500,335,ok,164,64.0,2026-07-14T14:34:29.463399
adult,random_forest,50/50,100,vertical,11,0.8144444444444444,0.8275555555555556,0.8144125417312478,0.8144444444444445,0.6291052140077606,-0.1243408184991705,0.1243408184991705,4500,338,ok,165,64.6,2026-07-14T14:34:29.463399
adult,random_forest,50/50,100,vertical,22,0.814,0.8311111111111111,0.8139455250873207,0.8140000000000001,0.6283680677264183,-0.1320065113515387,0.1320065113515387,4500,338,ok,166,65.1,2026-07-14T14:34:29.463399
adult,random_forest,50/50,100,vertical,33,0.8106666666666666,0.8173333333333334,0.8106582514778434,0.8106666666666666,0.6213885703280048,-0.1255835703986594,0.1255835703986594,4500,335,ok,167,65.7,2026-07-14T14:34:29.463399
adult,random_forest,50/50,100,vertical,44,0.8162222222222222,0.8155555555555556,0.8162221405431735,0.8162222222222222,0.6324450066180335,-0.0858483325493303,0.0858483325493303,4500,338,ok,168,66.3,2026-07-14T14:34:29.463399
adult,random_forest,50/50,100,vertical,55,0.8144444444444444,0.8271111111111111,0.8144146683090042,0.8144444444444445,0.6290907895323878,-0.1160282140212775,0.1160282140212775,4500,335,ok,169,66.8,2026-07-14T14:34:29.463399
adult,random_forest,50/50,75,horizontal,11,0.8112592592592592,0.832345971563981,0.811173322140091,0.8112530094927196,0.6230655215512538,-0.1177862704400443,0.1177862704400443,3375,254,ok,170,67.4,2026-07-14T14:34:29.463399
adult,random_forest,50/50,75,horizontal,22,0.808,0.8281990521327014,0.8079197151836699,0.8079940133218337,0.6164961273983824,-0.0526581666831394,0.0526581666831394,3375,254,ok,171,67.9,2026-07-14T14:34:29.463399
adult,random_forest,50/50,75,horizontal,33,0.8127407407407408,0.8340248962655602,0.8126578311661483,0.8127470452891782,0.6260562787948668,-0.1186035801085352,0.1186035801085352,3375,251,ok,172,68.5,2026-07-14T14:34:29.463399
adult,random_forest,50/50,75,horizontal,44,0.8085925925925926,0.8127962085308057,0.8085888116308471,0.808591346707608,0.6172054517003671,-0.0808706443075368,0.0808706443075368,3375,254,ok,173,69.1,2026-07-14T14:34:29.463399
adult,random_forest,50/50,75,horizontal,55,0.8118518518518518,0.8221695317131001,0.8118327553286286,0.8118549080366448,0.6238401772166078,-0.1467999866827952,0.1467999866827952,3375,251,ok,174,69.7,2026-07-14T14:34:29.463399
adult,random_forest,50/50,75,vertical,11,0.8168888888888889,0.8324444444444444,0.816844569797136,0.8168888888888889,0.6340847177582244,-0.1196491792726103,0.1196491792726103,4500,338,ok,175,70.3,2026-07-14T14:34:29.463399
adult,random_forest,50/50,75,vertical,22,0.8095555555555556,0.8217777777777778,0.809527102196748,0.8095555555555556,0.6192961630445514,-0.1419128023569607,0.1419128023569607,4500,338,ok,176,71.0,2026-07-14T14:34:29.463399
adult,random_forest,50/50,75,vertical,33,0.8106666666666666,0.8195555555555556,0.8106517058137928,0.8106666666666666,0.6214315426214158,-0.1071509294259771,0.1071509294259771,4500,335,ok,177,71.8,2026-07-14T14:34:29.463399
adult,random_forest,50/50,75,vertical,44,0.8151111111111111,0.8204444444444444,0.8151058518997873,0.8151111111111111,0.6302580779239131,-0.0811566933227699,0.0811566933227699,4500,338,ok,178,72.5,2026-07-14T14:34:29.463399
adult,random_forest,50/50,75,vertical,55,0.8128888888888889,0.8266666666666667,0.8128533633742623,0.8128888888888889,0.6260154923977322,-0.1365496278399126,0.1365496278399126,4500,335,ok,179,73.2,2026-07-14T14:34:29.463399
adult,random_forest,50/50,50,horizontal,11,0.8182222222222222,0.8168888888888889,0.8182218990611538,0.8182222222222222,0.6364467073700937,-0.1187517021118566,0.1187517021118566,2250,169,ok,180,73.7,2026-07-14T14:34:29.463399
adult,random_forest,50/50,50,horizontal,22,0.8115555555555556,0.8186666666666667,0.8115460258336027,0.8115555555555556,0.6231741395151643,-0.1486964917927261,0.1486964917927261,2250,169,ok,181,74.3,2026-07-14T14:34:29.463399
adult,random_forest,50/50,50,horizontal,33,0.82,0.8017777777777778,0.8199402112582963,0.8200000000000001,0.6404254470651223,-0.139912242321203,0.139912242321203,2250,167,ok,182,74.8,2026-07-14T14:34:29.463399
adult,random_forest,50/50,50,horizontal,44,0.8168888888888889,0.8088888888888889,0.8168771690277066,0.8168888888888889,0.6338589169123796,-0.1023742913025178,0.1023742913025178,2250,169,ok,183,75.3,2026-07-14T14:34:29.463399
adult,random_forest,50/50,50,horizontal,55,0.8208888888888889,0.8284444444444444,0.8208786634930862,0.8208888888888889,0.641851063920168,-0.1360681559636468,0.1360681559636468,2250,167,ok,184,75.9,2026-07-14T14:34:29.463399
adult,random_forest,50/50,50,vertical,11,0.8164444444444444,0.8306666666666667,0.8164073088561519,0.8164444444444444,0.6331450752596661,-0.0827412047238246,0.0827412047238246,4500,338,ok,185,76.5,2026-07-14T14:34:29.463399
adult,random_forest,50/50,50,vertical,22,0.8084444444444444,0.82,0.8084188624495834,0.8084444444444444,0.6170537023277655,-0.1154496051100492,0.1154496051100492,4500,338,ok,186,77.2,2026-07-14T14:34:29.463399
adult,random_forest,50/50,50,vertical,33,0.8075555555555556,0.8151111111111111,0.8075445689640357,0.8075555555555556,0.6151813521229311,-0.1089435329878024,0.1089435329878024,4500,335,ok,187,77.9,2026-07-14T14:34:29.463399
adult,random_forest,50/50,50,vertical,44,0.8106666666666666,0.8142222222222222,0.8106642730890821,0.8106666666666666,0.6213490436904826,-0.0425001856849298,0.0425001856849298,4500,338,ok,188,78.5,2026-07-14T14:34:29.463399
adult,random_forest,50/50,50,vertical,55,0.8062222222222222,0.8155555555555556,0.8062053405541105,0.8062222222222222,0.6125511737692835,-0.1164802618759986,0.1164802618759986,4500,335,ok,189,79.2,2026-07-14T14:34:29.463399
adult,random_forest,50/50,25,horizontal,11,0.8355555555555556,0.8469750889679716,0.8355368433030603,0.8355656972370942,0.6712969021256234,-0.0860231121737398,0.0860231121737398,1125,84,ok,190,79.7,2026-07-14T14:34:29.463399
adult,random_forest,50/50,25,horizontal,22,0.832,0.8472468916518651,0.8319569809871327,0.8319864351497759,0.664294171392775,-0.1665025842973172,0.1665025842973172,1125,85,ok,191,80.2,2026-07-14T14:34:29.463399
adult,random_forest,50/50,25,horizontal,33,0.8186666666666667,0.8081705150976909,0.8186493286469265,0.8186760048798063,0.6374849983849101,-0.1803111641316234,0.1803111641316234,1125,84,ok,192,80.7,2026-07-14T14:34:29.463399
adult,random_forest,50/50,25,horizontal,44,0.8001776198934281,0.8134991119005328,0.800142152690291,0.8001776198934281,0.6005684339576465,-0.099040118139306,0.099040118139306,1126,85,ok,193,81.4,2026-07-14T14:34:29.463399
adult,random_forest,50/50,25,horizontal,55,0.8177777777777778,0.8472468916518651,0.8176111869883722,0.8177515597049361,0.6366328964647319,-0.0863157371508102,0.0863157371508102,1125,84,ok,194,82.0,2026-07-14T14:34:29.463399
adult,random_forest,50/50,25,vertical,11,0.8124444444444444,0.84,0.8123019236730072,0.8124444444444444,0.6258400231186356,-0.0797980985863188,0.0797980985863188,4500,338,ok,195,82.6,2026-07-14T14:34:29.463399
adult,random_forest,50/50,25,vertical,22,0.8044444444444444,0.8204444444444444,0.8043943694030116,0.8044444444444444,0.6092008796293458,-0.1055278403604763,0.1055278403604763,4500,338,ok,196,83.2,2026-07-14T14:34:29.463399
adult,random_forest,50/50,25,vertical,33,0.7951111111111111,0.8106666666666666,0.7950615210594169,0.7951111111111111,0.5905080681507167,-0.1458088149331671,0.1458088149331671,4500,335,ok,197,83.9,2026-07-14T14:34:29.463399
adult,random_forest,50/50,25,vertical,44,0.8057777777777778,0.8151111111111111,0.8057608573902437,0.8057777777777777,0.6116621299757141,-0.0365830259216162,0.0365830259216162,4500,338,ok,198,84.5,2026-07-14T14:34:29.463399
adult,random_forest,50/50,25,vertical,55,0.8024444444444444,0.8164444444444444,0.8024057159647735,0.8024444444444444,0.6051261448489558,-0.0999883091072054,0.0999883091072054,4500,335,ok,199,85.2,2026-07-14T14:34:29.463399
adult,random_forest,80/20,100,horizontal,11,0.8584444444444445,0.5333333333333333,0.7575404579250014,0.7365277777777778,0.5230041085344583,-0.161918865204006,0.1619188652040061,4500,134,ok,200,85.8,2026-07-14T14:34:29.463399
adult,random_forest,80/20,100,horizontal,22,0.8655555555555555,0.5766666666666667,0.77476827191877,0.7572222222222222,0.5542375960160593,-0.0729904527255929,0.0729904527255929,4500,136,ok,201,86.3,2026-07-14T14:34:29.463399
adult,random_forest,80/20,100,horizontal,33,0.8628888888888889,0.5588888888888889,0.7681007337337886,0.7488888888888889,0.5422073102374065,-0.0909159663071119,0.0909159663071119,4500,139,ok,202,86.9,2026-07-14T14:34:29.463399
adult,random_forest,80/20,100,horizontal,44,0.8635555555555555,0.57,0.7710929215270413,0.7534722222222222,0.5470450477018014,-0.0747519417295329,0.0747519417295329,4500,142,ok,203,87.4,2026-07-14T14:34:29.463399
adult,random_forest,80/20,100,horizontal,55,0.8602222222222222,0.5666666666666667,0.7664950557256394,0.7501388888888889,0.5372411576232847,-0.0620300751879699,0.0620300751879699,4500,140,ok,204,88.0,2026-07-14T14:34:29.463399
adult,random_forest,80/20,100,vertical,11,0.8584444444444445,0.5333333333333333,0.7575404579250014,0.7365277777777778,0.5230041085344583,-0.161918865204006,0.1619188652040061,4500,134,ok,205,88.5,2026-07-14T14:34:29.463399
adult,random_forest,80/20,100,vertical,22,0.8655555555555555,0.5766666666666667,0.77476827191877,0.7572222222222222,0.5542375960160593,-0.0729904527255929,0.0729904527255929,4500,136,ok,206,89.1,2026-07-14T14:34:29.463399
adult,random_forest,80/20,100,vertical,33,0.8628888888888889,0.5588888888888889,0.7681007337337886,0.7488888888888889,0.5422073102374065,-0.0909159663071119,0.0909159663071119,4500,139,ok,207,89.6,2026-07-14T14:34:29.463399
adult,random_forest,80/20,100,vertical,44,0.8635555555555555,0.57,0.7710929215270413,0.7534722222222222,0.5470450477018014,-0.0747519417295329,0.0747519417295329,4500,142,ok,208,90.2,2026-07-14T14:34:29.463399
adult,random_forest,80/20,100,vertical,55,0.8602222222222222,0.5666666666666667,0.7664950557256394,0.7501388888888889,0.5372411576232847,-0.0620300751879699,0.0620300751879699,4500,140,ok,209,90.7,2026-07-14T14:34:29.463399
adult,random_forest,80/20,75,horizontal,11,0.8642962962962963,0.5496296296296296,0.7679054054054053,0.7462962962962962,0.5436502143433364,-0.087470245282368,0.087470245282368,3375,101,ok,210,91.4,2026-07-14T14:34:29.463399
adult,random_forest,80/20,75,horizontal,22,0.8728888888888889,0.6014814814814815,0.7882192336648154,0.7711111111111111,0.5805331121719497,-0.1657427368853301,0.1657427368853301,3375,102,ok,211,92.0,2026-07-14T14:34:29.463399
adult,random_forest,80/20,75,horizontal,33,0.8604444444444445,0.5777777777777777,0.7689246311625004,0.7544444444444445,0.5410582781722378,-0.1033106560689748,0.1033106560689748,3375,104,ok,212,92.5,2026-07-14T14:34:29.463399
adult,random_forest,80/20,75,horizontal,44,0.8568888888888889,0.5496296296296296,0.7591467356173238,0.7416666666666667,0.5234677675084431,-0.1372152402427296,0.1372152402427296,3375,106,ok,213,93.1,2026-07-14T14:34:29.463399
adult,random_forest,80/20,75,horizontal,55,0.8586666666666667,0.5511111111111111,0.7615321136753583,0.7433333333333334,0.5286309355145701,-0.0774436090225563,0.0774436090225563,3375,105,ok,214,93.6,2026-07-14T14:34:29.463399
adult,random_forest,80/20,75,vertical,11,0.8595555555555555,0.5344444444444445,0.7590884802616888,0.737638888888889,0.526387886686706,-0.1281516698491874,0.1281516698491874,4500,134,ok,215,94.3,2026-07-14T14:34:29.463399
adult,random_forest,80/20,75,vertical,22,0.8655555555555555,0.5655555555555556,0.7726109301603601,0.7530555555555556,0.5512844415471845,-0.1205343393902063,0.1205343393902063,4500,136,ok,216,95.0,2026-07-14T14:34:29.463399
adult,random_forest,80/20,75,vertical,33,0.8624444444444445,0.5644444444444444,0.7686802817690914,0.7506944444444444,0.5425266179007308,-0.1059945735921119,0.1059945735921119,4500,139,ok,217,95.7,2026-07-14T14:34:29.463399
adult,random_forest,80/20,75,vertical,44,0.8646666666666667,0.5822222222222222,0.7747660932934375,0.75875,0.5533819710750925,-0.0641792708759151,0.0641792708759151,4500,142,ok,218,96.3,2026-07-14T14:34:29.463399
adult,random_forest,80/20,75,vertical,55,0.8551111111111112,0.5544444444444444,0.7580705009276438,0.742361111111111,0.520258482764951,-0.0306390977443609,0.0306390977443609,4500,140,ok,219,97.0,2026-07-14T14:34:29.463399
adult,random_forest,80/20,50,horizontal,11,0.8711111111111111,0.6088888888888889,0.7873731244843187,0.7727777777777778,0.577664648879957,-0.2068508631775846,0.2068508631775847,2250,67,ok,220,97.6,2026-07-14T14:34:29.463399
adult,random_forest,80/20,50,horizontal,22,0.8675555555555555,0.5822222222222222,0.7782236458246508,0.7605555555555555,0.5611171966603883,-0.1488296889436403,0.1488296889436403,2250,68,ok,221,98.1,2026-07-14T14:34:29.463399
adult,random_forest,80/20,50,horizontal,33,0.8608888888888889,0.5822222222222222,0.7702981573949316,0.7563888888888889,0.5435128237881746,-0.0804511278195488,0.0804511278195488,2250,70,ok,222,98.6,2026-07-14T14:34:29.463399
adult,random_forest,80/20,50,horizontal,44,0.8666666666666667,0.5977777777777777,0.78004116325964,0.7658333333333334,0.5629583187149887,-0.1913486194210115,0.1913486194210115,2250,71,ok,223,99.2,2026-07-14T14:34:29.463399
adult,random_forest,80/20,50,horizontal,55,0.8706666666666667,0.5688888888888889,0.779448248403084,0.7575000000000001,0.566407141314989,-0.0139097744360902,0.0139097744360902,2250,70,ok,224,99.7,2026-07-14T14:34:29.463399
adult,random_forest,80/20,50,vertical,11,0.8582222222222222,0.5355555555555556,0.7577541455176164,0.7372222222222222,0.5230122179492482,-0.1119208136861385,0.1119208136861384,4500,134,ok,225,100.4,2026-07-14T14:34:29.463399
adult,random_forest,80/20,50,vertical,22,0.8595555555555555,0.5544444444444444,0.7632584428665374,0.7451388888888888,0.5319644482427859,-0.072797967354481,0.072797967354481,4500,136,ok,226,101.2,2026-07-14T14:34:29.463399
adult,random_forest,80/20,50,vertical,33,0.8644444444444445,0.5711111111111111,0.7723683542754447,0.7544444444444445,0.5497407076491568,-0.0798457160684068,0.0798457160684068,4500,139,ok,227,101.9,2026-07-14T14:34:29.463399
adult,random_forest,80/20,50,vertical,44,0.8613333333333333,0.5611111111111111,0.7667007531710586,0.74875,0.5386137081851617,-0.0641978520197703,0.0641978520197703,4500,142,ok,228,102.6,2026-07-14T14:34:29.463399
adult,random_forest,80/20,50,vertical,55,0.8555555555555555,0.5533333333333333,0.7583580042238194,0.7422222222222222,0.5210746398790822,-0.0293233082706766,0.0293233082706766,4500,140,ok,229,103.2,2026-07-14T14:34:29.463399
adult,random_forest,80/20,25,horizontal,11,0.8577777777777778,0.5155555555555555,0.7528613167549043,0.7294444444444445,0.5162725874198103,-0.1915614413304588,0.1915614413304588,1125,34,ok,230,103.8,2026-07-14T14:34:29.463399
adult,random_forest,80/20,25,horizontal,22,0.856,0.5333333333333333,0.7546762938553984,0.735,0.5163207392418918,-0.1085617493070526,0.1085617493070526,1125,34,ok,231,104.3,2026-07-14T14:34:29.463399
adult,random_forest,80/20,25,horizontal,33,0.8568888888888889,0.5288888888888889,0.7547556086326026,0.7338888888888888,0.5174724314833817,-0.2541353383458646,0.2541353383458646,1125,35,ok,232,104.8,2026-07-14T14:34:29.463399
adult,random_forest,80/20,25,horizontal,44,0.8515555555555555,0.5288888888888889,0.7485697079193014,0.7305555555555555,0.5031134691552046,-0.0849624060150376,0.0849624060150376,1125,35,ok,233,105.3,2026-07-14T14:34:29.463399
adult,random_forest,80/20,25,horizontal,55,0.8551111111111112,0.5733333333333334,0.7618534328819533,0.7494444444444445,0.5261147196450522,-0.2729323308270677,0.2729323308270677,1125,35,ok,234,105.9,2026-07-14T14:34:29.463399
adult,random_forest,80/20,25,vertical,11,0.852,0.5333333333333333,0.7500442864477466,0.7324999999999999,0.5056572049301434,-0.1005416780328123,0.1005416780328124,4500,134,ok,235,106.6,2026-07-14T14:34:29.463399
adult,random_forest,80/20,25,vertical,22,0.8675555555555555,0.5822222222222222,0.7782236458246508,0.7605555555555555,0.5611171966603883,-0.070873113643363,0.070873113643363,4500,136,ok,236,107.2,2026-07-14T14:34:29.463399
adult,random_forest,80/20,25,vertical,33,0.8593333333333333,0.5711111111111111,0.7663263708135115,0.75125,0.5362144462784996,-0.0883540211195038,0.0883540211195038,4500,139,ok,237,107.9,2026-07-14T14:34:29.463399
adult,random_forest,80/20,25,vertical,44,0.8588888888888889,0.5611111111111111,0.7638229684746022,0.7472222222222222,0.5321167128940445,-0.0474748225500761,0.0474748225500761,4500,142,ok,238,108.5,2026-07-14T14:34:29.463399
adult,random_forest,80/20,25,vertical,55,0.854,0.5477777777777778,0.7554095118192262,0.7391666666666667,0.5153332291250832,0.0110902255639098,-0.0110902255639098,4500,140,ok,239,109.2,2026-07-14T14:34:29.463399
adult,random_forest,90/10,100,horizontal,11,0.918,0.4377777777777777,0.7357924182845967,0.7045679012345679,0.4824780991860746,-0.1934185606060606,0.1934185606060605,4500,66,ok,240,109.8,2026-07-14T14:34:29.463399
adult,random_forest,90/10,100,horizontal,22,0.9188888888888888,0.4177777777777778,0.7316140948924323,0.6961728395061728,0.478593377851657,-0.2024420860435923,0.2024420860435923,4500,69,ok,241,110.3,2026-07-14T14:34:29.463399
adult,random_forest,90/10,100,horizontal,33,0.9171111111111112,0.3977777777777778,0.722315923250338,0.6862962962962963,0.4619660522265487,-0.0879097182288671,0.0879097182288671,4500,74,ok,242,111.0,2026-07-14T14:34:29.463399
adult,random_forest,90/10,100,horizontal,44,0.9206666666666666,0.4377777777777777,0.7406779242417957,0.7060493827160493,0.4948560643826525,0.0333926819519639,-0.0333926819519639,4500,73,ok,243,111.6,2026-07-14T14:34:29.463399
adult,random_forest,90/10,100,horizontal,55,0.912,0.4288888888888889,0.7227096156587218,0.6972839506172839,0.4528168959026281,-0.076467803030303,0.0764678030303031,4500,66,ok,244,112.1,2026-07-14T14:34:29.463399
adult,random_forest,90/10,100,vertical,11,0.918,0.4377777777777777,0.7357924182845967,0.7045679012345679,0.4824780991860746,-0.1934185606060606,0.1934185606060605,4500,66,ok,245,112.7,2026-07-14T14:34:29.463399
adult,random_forest,90/10,100,vertical,22,0.9188888888888888,0.4177777777777778,0.7316140948924323,0.6961728395061728,0.478593377851657,-0.2024420860435923,0.2024420860435923,4500,69,ok,246,113.3,2026-07-14T14:34:29.463399
adult,random_forest,90/10,100,vertical,33,0.9171111111111112,0.3977777777777778,0.722315923250338,0.6862962962962963,0.4619660522265487,-0.0879097182288671,0.0879097182288671,4500,74,ok,247,113.8,2026-07-14T14:34:29.463399
adult,random_forest,90/10,100,vertical,44,0.9206666666666666,0.4377777777777777,0.7406779242417957,0.7060493827160493,0.4948560643826525,0.0333926819519639,-0.0333926819519639,4500,73,ok,248,114.4,2026-07-14T14:34:29.463399
adult,random_forest,90/10,100,vertical,55,0.912,0.4288888888888889,0.7227096156587218,0.6972839506172839,0.4528168959026281,-0.076467803030303,0.0764678030303031,4500,66,ok,249,115.0,2026-07-14T14:34:29.463399
adult,random_forest,90/10,75,horizontal,11,0.9235555555555556,0.4391691394658754,0.7463281306444358,0.7082284143675658,0.5090294311104208,-0.1556831065759637,0.1556831065759637,3375,49,ok,250,115.5,2026-07-14T14:34:29.463399
adult,random_forest,90/10,75,horizontal,22,0.9164444444444444,0.4230769230769231,0.7289524106788905,0.6972151161318102,0.4698688977515389,-0.2045454545454545,0.2045454545454545,3375,52,ok,251,116.1,2026-07-14T14:34:29.463399
adult,random_forest,90/10,75,horizontal,33,0.9158518518518518,0.408284023668639,0.7234883452573275,0.6903125748899666,0.4609350720467171,-0.0612968591691995,0.0612968591691995,3375,56,ok,252,116.6,2026-07-14T14:34:29.463399
adult,random_forest,90/10,75,horizontal,44,0.9161481481481482,0.4408284023668639,0.7335171220044479,0.7049384026980846,0.4760143828955657,-0.0053324767105685,0.0053324767105686,3375,55,ok,253,117.2,2026-07-14T14:34:29.463399
adult,random_forest,90/10,75,horizontal,55,0.9185185185185184,0.4230769230769231,0.732685124461806,0.6983675692105064,0.4794417803099307,-0.0974999999999999,0.0974999999999999,3375,50,ok,254,117.8,2026-07-14T14:34:29.463399
adult,random_forest,90/10,75,vertical,11,0.9206666666666666,0.4422222222222222,0.7419266744043149,0.7080246913580247,0.4965497278890671,-0.2163825757575757,0.2163825757575757,4500,66,ok,255,118.4,2026-07-14T14:34:29.463399
adult,random_forest,90/10,75,vertical,22,0.9193333333333332,0.4155555555555555,0.7317659554099285,0.6954320987654321,0.4798693173561806,-0.1998174141275819,0.1998174141275819,4500,69,ok,256,119.1,2026-07-14T14:34:29.463399
adult,random_forest,90/10,75,vertical,33,0.9193333333333332,0.4155555555555555,0.7317659554099285,0.6954320987654321,0.4798693173561806,-0.0930132259919493,0.0930132259919493,4500,74,ok,257,119.8,2026-07-14T14:34:29.463399
adult,random_forest,90/10,75,vertical,44,0.918,0.4355555555555555,0.735162353212877,0.7035802469135802,0.4815751030388912,0.0523963518767486,-0.0523963518767485,4500,73,ok,258,120.6,2026-07-14T14:34:29.463399
adult,random_forest,90/10,75,vertical,55,0.9113333333333332,0.42,0.7189820247098613,0.692962962962963,0.4460049251922767,-0.0838068181818181,0.0838068181818182,4500,66,ok,259,121.3,2026-07-14T14:34:29.463399
adult,random_forest,90/10,50,horizontal,11,0.9248888888888888,0.4177777777777778,0.7429094737098315,0.6995061728395062,0.5093779749961248,-0.0989583333333333,0.0989583333333334,2250,33,ok,260,121.8,2026-07-14T14:34:29.463399
adult,random_forest,90/10,50,horizontal,22,0.9208888888888888,0.3777777777777777,0.722817420769384,0.6795061728395062,0.4737801438544301,-0.0413533834586465,0.0413533834586465,2250,35,ok,261,122.4,2026-07-14T14:34:29.463399
adult,random_forest,90/10,50,horizontal,33,0.9186666666666666,0.4044444444444444,0.7271868943698133,0.6901234567901234,0.472241581860073,-0.0635422656699252,0.0635422656699252,2250,37,ok,262,122.9,2026-07-14T14:34:29.463399
adult,random_forest,90/10,50,horizontal,44,0.9146666666666666,0.4,0.7186796699174793,0.6859259259259259,0.4514351981541071,-0.0258769407705577,0.0258769407705578,2250,37,ok,263,123.4,2026-07-14T14:34:29.463399
adult,random_forest,90/10,50,horizontal,55,0.92,0.4266666666666667,0.736262190547637,0.7007407407407408,0.4874061302779403,-0.109375,0.109375,2250,33,ok,264,124.0,2026-07-14T14:34:29.463399
adult,random_forest,90/10,50,vertical,11,0.9182222222222224,0.4422222222222222,0.737444754000321,0.7066666666666667,0.4852827116344587,-0.1808712121212121,0.1808712121212121,4500,66,ok,265,124.7,2026-07-14T14:34:29.463399
adult,random_forest,90/10,50,vertical,22,0.9213333333333332,0.4288888888888889,0.7393822393822393,0.7024691358024691,0.4947462902899086,-0.2155654456236448,0.2155654456236448,4500,69,ok,266,125.3,2026-07-14T14:34:29.463399
adult,random_forest,90/10,50,vertical,33,0.916,0.3955555555555555,0.719642064832072,0.6846913580246914,0.4557229160829218,-0.0690770557791834,0.0690770557791834,4500,74,ok,267,126.0,2026-07-14T14:34:29.463399
adult,random_forest,90/10,50,vertical,44,0.9142222222222224,0.4355555555555555,0.7284544131707582,0.7014814814814815,0.4650394838954443,0.0523963518767486,-0.0523963518767485,4500,73,ok,268,126.7,2026-07-14T14:34:29.463399
adult,random_forest,90/10,50,vertical,55,0.9095555555555556,0.42,0.7159925722327108,0.6919753086419753,0.4388127443909368,-0.0660511363636363,0.0660511363636363,4500,66,ok,269,127.3,2026-07-14T14:34:29.463399
adult,random_forest,90/10,25,horizontal,11,0.9182222222222224,0.2920353982300885,0.6868722317690055,0.6400888453601035,0.4297787068308218,-0.1360294117647058,0.1360294117647058,1125,17,ok,270,127.9,2026-07-14T14:34:29.463399
adult,random_forest,90/10,25,horizontal,22,0.9138543516873888,0.3482142857142857,0.6995061558566614,0.6622728233305156,0.422636372254787,-0.0637770897832817,0.0637770897832816,1126,17,ok,271,128.4,2026-07-14T14:34:29.463399
adult,random_forest,90/10,25,horizontal,33,0.9182222222222224,0.3839285714285714,0.719372261507093,0.6806118671555493,0.4602248493312434,0.0721040189125295,-0.0721040189125294,1125,18,ok,272,128.9,2026-07-14T14:34:29.463399
adult,random_forest,90/10,25,horizontal,44,0.9182948490230906,0.4464285714285714,0.738086569579288,0.7084213863060017,0.4856120211439335,0.1300236406619385,-0.1300236406619386,1126,18,ok,273,129.4,2026-07-14T14:34:29.463399
adult,random_forest,90/10,25,horizontal,55,0.92,0.3893805309734513,0.7254728645178083,0.6843147714155794,0.4749085677496508,-0.1121323529411764,0.1121323529411764,1125,17,ok,274,129.9,2026-07-14T14:34:29.463399
adult,random_forest,90/10,25,vertical,11,0.9191111111111112,0.46,0.7439311046480725,0.7150617283950618,0.4963840569521225,-0.1661931818181818,0.1661931818181818,4500,66,ok,275,130.6,2026-07-14T14:34:29.463399
adult,random_forest,90/10,25,vertical,22,0.9162222222222224,0.4355555555555555,0.7319752358704816,0.7025925925925925,0.4736438482793715,-0.1378523336756819,0.1378523336756819,4500,69,ok,276,131.4,2026-07-14T14:34:29.463399
adult,random_forest,90/10,25,vertical,33,0.9191111111111112,0.4377777777777777,0.7378124401754576,0.7051851851851851,0.4875551738890705,-0.0710897067280045,0.0710897067280046,4500,74,ok,277,132.1,2026-07-14T14:34:29.463399
adult,random_forest,90/10,25,vertical,44,0.9195555555555556,0.4622222222222222,0.7453380766005556,0.7162962962962962,0.4992335635936388,0.0696195632426147,-0.0696195632426147,4500,73,ok,278,132.8,2026-07-14T14:34:29.463399
adult,random_forest,90/10,25,vertical,55,0.9151111111111112,0.4333333333333333,0.7293772559766851,0.7009876543209876,0.4678654679961896,-0.0816761363636363,0.0816761363636363,4500,66,ok,279,133.4,2026-07-14T14:34:29.463399
adult,random_forest,95/5,100,horizontal,11,0.9526666666666668,0.2755555555555555,0.671682598424145,0.6319298245614036,0.3691390399539955,-0.0634920634920634,0.0634920634920634,4500,36,ok,280,134.0,2026-07-14T14:34:29.463399
adult,random_forest,95/5,100,horizontal,22,0.9546666666666668,0.2755555555555555,0.6772623976239762,0.6329824561403509,0.3876027226777077,-0.1513704958423159,0.151370495842316,4500,34,ok,281,134.6,2026-07-14T14:34:29.463399
adult,random_forest,95/5,100,horizontal,33,0.956,0.3066666666666666,0.6939305500593589,0.648421052631579,0.4171003380221983,-0.0385135135135135,0.0385135135135135,4500,40,ok,282,135.1,2026-07-14T14:34:29.463399
adult,random_forest,95/5,100,horizontal,44,0.956,0.3022222222222222,0.6921688586823583,0.6463157894736842,0.4148446959111969,-0.0872180451127819,0.0872180451127819,4500,35,ok,283,135.7,2026-07-14T14:34:29.463399
adult,random_forest,95/5,100,horizontal,55,0.9546666666666668,0.2311111111111111,0.6570962401611273,0.6119298245614035,0.3626038337300774,-0.1045112781954887,0.1045112781954887,4500,35,ok,284,136.2,2026-07-14T14:34:29.463399
adult,random_forest,95/5,100,vertical,11,0.9526666666666668,0.2755555555555555,0.671682598424145,0.6319298245614036,0.3691390399539955,-0.0634920634920634,0.0634920634920634,4500,36,ok,285,136.8,2026-07-14T14:34:29.463399
adult,random_forest,95/5,100,vertical,22,0.9546666666666668,0.2755555555555555,0.6772623976239762,0.6329824561403509,0.3876027226777077,-0.1513704958423159,0.151370495842316,4500,34,ok,286,137.3,2026-07-14T14:34:29.463399
adult,random_forest,95/5,100,vertical,33,0.956,0.3066666666666666,0.6939305500593589,0.648421052631579,0.4171003380221983,-0.0385135135135135,0.0385135135135135,4500,40,ok,287,137.9,2026-07-14T14:34:29.463399
adult,random_forest,95/5,100,vertical,44,0.956,0.3022222222222222,0.6921688586823583,0.6463157894736842,0.4148446959111969,-0.0872180451127819,0.0872180451127819,4500,35,ok,288,138.4,2026-07-14T14:34:29.463399
adult,random_forest,95/5,100,vertical,55,0.9546666666666668,0.2311111111111111,0.6570962401611273,0.6119298245614035,0.3626038337300774,-0.1045112781954887,0.1045112781954887,4500,35,ok,289,139.0,2026-07-14T14:34:29.463399
adult,random_forest,95/5,75,horizontal,11,0.9567407407407408,0.3136094674556213,0.699083234401794,0.6521260063416596,0.4284396064469756,-0.1087636932707355,0.1087636932707355,3375,27,ok,290,139.5,2026-07-14T14:34:29.463399
adult,random_forest,95/5,75,horizontal,22,0.9576296296296296,0.3372781065088757,0.7107780243434862,0.6638043682887486,0.4483729438356197,-0.0804195804195804,0.0804195804195804,3375,26,ok,291,140.1,2026-07-14T14:34:29.463399
adult,random_forest,95/5,75,horizontal,33,0.956457345971564,0.272189349112426,0.6811834971832967,0.6323528597760446,0.4050939087843038,-0.0877697841726618,0.0877697841726619,3376,30,ok,292,140.6,2026-07-14T14:34:29.463399
adult,random_forest,95/5,75,horizontal,44,0.9499407582938388,0.2248520710059171,0.6421160257556227,0.6065014954343586,0.3131228547399235,-0.1293706293706293,0.1293706293706293,3376,26,ok,293,141.2,2026-07-14T14:34:29.463399
adult,random_forest,95/5,75,horizontal,55,0.954074074074074,0.2678571428571428,0.671759557012659,0.6289394850550136,0.3756205633418215,-0.0893824485373781,0.0893824485373782,3375,26,ok,294,141.8,2026-07-14T14:34:29.463399
adult,random_forest,95/5,75,vertical,11,0.9522222222222222,0.2755555555555555,0.6704788937899832,0.6316959064327485,0.3653211791046833,-0.0304232804232804,0.0304232804232804,4500,36,ok,295,142.5,2026-07-14T14:34:29.463399
adult,random_forest,95/5,75,vertical,22,0.9557777777777776,0.28,0.6823764132121481,0.6356725146198831,0.4011943890423233,-0.2605481983369264,0.2605481983369264,4500,34,ok,296,143.2,2026-07-14T14:34:29.463399
adult,random_forest,95/5,75,vertical,33,0.9544444444444444,0.3022222222222222,0.6875760951177542,0.6454970760233918,0.4002020533039239,0.0277027027027026,-0.0277027027027025,4500,40,ok,297,143.8,2026-07-14T14:34:29.463399
adult,random_forest,95/5,75,vertical,44,0.9546666666666668,0.2755555555555555,0.6772623976239762,0.6329824561403509,0.3876027226777077,-0.0556390977443609,0.0556390977443609,4500,35,ok,298,144.5,2026-07-14T14:34:29.463399
adult,random_forest,95/5,75,vertical,55,0.9528888888888888,0.2311111111111111,0.6523506055075827,0.6109941520467836,0.3437151431423107,-0.0706766917293233,0.0706766917293232,4500,35,ok,299,145.2,2026-07-14T14:34:29.463399
adult,random_forest,95/5,50,horizontal,11,0.9546666666666668,0.2678571428571428,0.673428615337329,0.629251302953361,0.3814006638887544,-0.0543735224586288,0.0543735224586289,2250,18,ok,300,145.7,2026-07-14T14:34:29.463399
adult,random_forest,95/5,50,horizontal,22,0.9564444444444444,0.2946428571428571,0.689918774187742,0.6428780235199786,0.4136116619964812,-0.1393188854489163,0.1393188854489163,2250,17,ok,301,146.3,2026-07-14T14:34:29.463399
adult,random_forest,95/5,50,horizontal,33,0.9555555555555556,0.3125,0.694335008830322,0.650871141253508,0.4141090877094832,-0.3804347826086957,0.3804347826086957,2250,20,ok,302,146.8,2026-07-14T14:34:29.463399
adult,random_forest,95/5,50,horizontal,44,0.9533333333333334,0.1964285714285714,0.6355848150313359,0.5947063343578779,0.3239144450017671,0.1151702786377709,-0.1151702786377709,2250,17,ok,303,147.3,2026-07-14T14:34:29.463399
adult,random_forest,95/5,50,horizontal,55,0.9537777777777776,0.2389380530973451,0.6589100280451755,0.6152575150840025,0.359608689014089,-0.0198830409356725,0.0198830409356725,2250,18,ok,304,147.8,2026-07-14T14:34:29.463399
adult,random_forest,95/5,50,vertical,11,0.9486666666666668,0.2977777777777777,0.6701858476572725,0.6403508771929824,0.3523685855171011,0.0092592592592593,-0.0092592592592593,4500,36,ok,305,148.5,2026-07-14T14:34:29.463399
adult,random_forest,95/5,50,vertical,22,0.9531111111111112,0.3066666666666666,0.6855126144384653,0.6469005847953216,0.3911680181305365,-0.1533723437018786,0.1533723437018785,4500,34,ok,306,149.2,2026-07-14T14:34:29.463399
adult,random_forest,95/5,50,vertical,33,0.956,0.3333333333333333,0.7040748003252189,0.6610526315789473,0.4305427800400327,0.0202702702702702,-0.0202702702702702,4500,40,ok,307,149.8,2026-07-14T14:34:29.463399
adult,random_forest,95/5,50,vertical,44,0.9535555555555556,0.2888888888888888,0.6796748316377046,0.6387134502923977,0.3847876717745599,-0.0714285714285714,0.0714285714285715,4500,35,ok,308,150.5,2026-07-14T14:34:29.463399
adult,random_forest,95/5,50,vertical,55,0.9535555555555556,0.2488888888888888,0.662414270992502,0.6197660818713451,0.3612966082000131,-0.0917293233082706,0.0917293233082705,4500,35,ok,309,151.2,2026-07-14T14:34:29.463399
adult,random_forest,95/5,25,horizontal,11,0.9653333333333334,0.3859649122807017,0.7560616253662551,0.691109796964321,0.557892445678665,0.0694444444444444,-0.0694444444444444,1125,9,ok,310,151.7,2026-07-14T14:34:29.463399
adult,random_forest,95/5,25,horizontal,22,0.9537777777777776,0.25,0.6630184331797235,0.6203227315247895,0.3622106903338263,0.0,0.0,1125,8,ok,311,152.4,2026-07-14T14:34:29.463399
adult,random_forest,95/5,25,horizontal,33,0.9591111111111112,0.3214285714285714,0.7089033390333903,0.6569724709341174,0.4544130930091993,-0.1478260869565217,0.1478260869565217,1125,10,ok,312,152.9,2026-07-14T14:34:29.463399
adult,random_forest,95/5,25,horizontal,44,0.9528888888888888,0.1428571428571428,0.6037916392560253,0.5690899371909662,0.2811924073587973,0.226950354609929,-0.2269503546099289,1125,9,ok,313,153.4,2026-07-14T14:34:29.463399
adult,random_forest,95/5,25,horizontal,55,0.9528888888888888,0.2321428571428571,0.6523506055075827,0.611394160096218,0.3423896040843355,-0.1442080378250591,0.1442080378250589,1125,9,ok,314,153.9,2026-07-14T14:34:29.463399
adult,random_forest,95/5,25,vertical,11,0.95,0.2977777777777777,0.6736101999955515,0.6410526315789473,0.3617230986092916,-0.0238095238095237,0.0238095238095238,4500,36,ok,315,154.6,2026-07-14T14:34:29.463399
adult,random_forest,95/5,25,vertical,22,0.9506666666666668,0.3066666666666666,0.6788194444444444,0.6456140350877193,0.37207761498445,-0.1533723437018786,0.1533723437018785,4500,34,ok,316,155.3,2026-07-14T14:34:29.463399
adult,random_forest,95/5,25,vertical,33,0.9537777777777776,0.3511111111111111,0.7038015926360519,0.6683040935672514,0.4210958900040996,0.029054054054054,-0.029054054054054,4500,40,ok,317,155.9,2026-07-14T14:34:29.463399
adult,random_forest,95/5,25,vertical,44,0.9548888888888888,0.3022222222222222,0.6888707694854259,0.6457309941520468,0.4042541644444365,-0.0872180451127819,0.0872180451127819,4500,35,ok,318,156.6,2026-07-14T14:34:29.463399
adult,random_forest,95/5,25,vertical,55,0.9542222222222222,0.2577777777777778,0.668255129341134,0.624327485380117,0.3731610051147306,-0.0345864661654135,0.0345864661654135,4500,35,ok,319,157.3,2026-07-14T14:34:29.463399
adult,xgboost,50/50,100,horizontal,11,0.8433333333333334,0.8724444444444445,0.8432004524921095,0.8433333333333333,0.6878334746224827,-0.104051645168478,0.104051645168478,4500,338,ok,320,157.9,2026-07-14T14:34:29.463399
adult,xgboost,50/50,100,horizontal,22,0.8428888888888889,0.8688888888888889,0.8427826099332038,0.8428888888888889,0.6867068338842486,-0.0998675447500681,0.0998675447500681,4500,338,ok,321,158.4,2026-07-14T14:34:29.463399
adult,xgboost,50/50,100,horizontal,33,0.8346666666666667,0.86,0.8345604912663949,0.8346666666666667,0.6701941175033016,-0.1406414403179923,0.1406414403179923,4500,335,ok,322,158.9,2026-07-14T14:34:29.463399
adult,xgboost,50/50,100,horizontal,44,0.842,0.8684444444444445,0.8418894319133494,0.8420000000000001,0.6849586659017476,-0.0854181624619346,0.0854181624619346,4500,338,ok,323,159.5,2026-07-14T14:34:29.463399
adult,xgboost,50/50,100,horizontal,55,0.8404444444444444,0.872,0.8402854081466602,0.8404444444444444,0.6822489475130705,-0.1266825143213437,0.1266825143213437,4500,335,ok,324,160.0,2026-07-14T14:34:29.463399
adult,xgboost,50/50,100,vertical,11,0.8433333333333334,0.8724444444444445,0.8432004524921095,0.8433333333333333,0.6878334746224827,-0.104051645168478,0.104051645168478,4500,338,ok,325,160.5,2026-07-14T14:34:29.463399
adult,xgboost,50/50,100,vertical,22,0.8428888888888889,0.8688888888888889,0.8427826099332038,0.8428888888888889,0.6867068338842486,-0.0998675447500681,0.0998675447500681,4500,338,ok,326,161.1,2026-07-14T14:34:29.463399
adult,xgboost,50/50,100,vertical,33,0.8346666666666667,0.86,0.8345604912663949,0.8346666666666667,0.6701941175033016,-0.1406414403179923,0.1406414403179923,4500,335,ok,327,161.6,2026-07-14T14:34:29.463399
adult,xgboost,50/50,100,vertical,44,0.842,0.8684444444444445,0.8418894319133494,0.8420000000000001,0.6849586659017476,-0.0854181624619346,0.0854181624619346,4500,338,ok,328,162.2,2026-07-14T14:34:29.463399
adult,xgboost,50/50,100,vertical,55,0.8404444444444444,0.872,0.8402854081466602,0.8404444444444444,0.6822489475130705,-0.1266825143213437,0.1266825143213437,4500,335,ok,329,162.7,2026-07-14T14:34:29.463399
adult,xgboost,50/50,75,horizontal,11,0.8364444444444444,0.8613744075829384,0.8363406363652336,0.8364370555994123,0.6737192579738482,-0.0731723388132968,0.0731723388132968,3375,254,ok,330,163.2,2026-07-14T14:34:29.463399
adult,xgboost,50/50,75,horizontal,22,0.8397037037037037,0.8744075829383886,0.8395075162826201,0.8396934180252109,0.6810397496589508,-0.0931483982912178,0.0931483982912178,3375,254,ok,331,163.8,2026-07-14T14:34:29.463399
adult,xgboost,50/50,75,horizontal,33,0.8385185185185186,0.8701837581505631,0.838359071827143,0.8385278980326276,0.6784081684026017,-0.1376804758681152,0.1376804758681152,3375,251,ok,332,164.3,2026-07-14T14:34:29.463399
adult,xgboost,50/50,75,horizontal,44,0.8337777777777777,0.8536729857819905,0.8337102728165929,0.8337718811541843,0.668078409690078,-0.115084725288,0.115084725288,3375,254,ok,333,165.2,2026-07-14T14:34:29.463399
adult,xgboost,50/50,75,horizontal,55,0.8334814814814815,0.8642560758743332,0.8333262448840142,0.8334905971788727,0.6682392330865844,-0.1587993430179005,0.1587993430179005,3375,251,ok,334,165.7,2026-07-14T14:34:29.463399
adult,xgboost,50/50,75,vertical,11,0.8435555555555555,0.8671111111111112,0.8434687019424705,0.8435555555555556,0.6878748894368258,-0.0977754945408631,0.0977754945408631,4500,338,ok,335,166.3,2026-07-14T14:34:29.463399
adult,xgboost,50/50,75,vertical,22,0.8431111111111111,0.8737777777777778,0.8429634269384008,0.8431111111111111,0.6875165829452993,-0.0951759055235076,0.0951759055235076,4500,338,ok,336,167.0,2026-07-14T14:34:29.463399
adult,xgboost,50/50,75,vertical,33,0.8293333333333334,0.8568888888888889,0.8292036461858644,0.8293333333333334,0.6596692135574808,-0.1369860878375746,0.1369860878375746,4500,335,ok,337,167.6,2026-07-14T14:34:29.463399
adult,xgboost,50/50,75,vertical,44,0.8511111111111112,0.8777777777777778,0.8510051592243373,0.8511111111111112,0.703223073928743,-0.0998830184942189,0.0998830184942189,4500,338,ok,338,168.2,2026-07-14T14:34:29.463399
adult,xgboost,50/50,75,vertical,55,0.84,0.8755555555555555,0.8397974723601195,0.84,0.681725856879244,-0.1168309886598339,0.1168309886598339,4500,335,ok,339,168.8,2026-07-14T14:34:29.463399
adult,xgboost,50/50,50,horizontal,11,0.8311111111111111,0.8453333333333334,0.8310769427732148,0.8311111111111111,0.6624902823995102,-0.1243717659874724,0.1243717659874724,2250,169,ok,340,169.4,2026-07-14T14:34:29.463399
adult,xgboost,50/50,50,horizontal,22,0.8257777777777778,0.8471111111111111,0.8256984512062379,0.8257777777777777,0.652149426856636,-0.154316555668342,0.154316555668342,2250,169,ok,341,169.9,2026-07-14T14:34:29.463399
adult,xgboost,50/50,50,horizontal,33,0.8391111111111111,0.8373333333333334,0.8391106026211639,0.8391111111111111,0.6782265092971635,-0.167602165189454,0.167602165189454,2250,167,ok,342,170.4,2026-07-14T14:34:29.463399
adult,xgboost,50/50,50,horizontal,44,0.8364444444444444,0.856,0.8363818736409617,0.8364444444444444,0.6734041320873153,-0.0951449580352059,0.0951449580352059,2250,169,ok,343,171.0,2026-07-14T14:34:29.463399
adult,xgboost,50/50,50,horizontal,55,0.8226666666666667,0.8328888888888889,0.8226481344914857,0.8226666666666667,0.645468242325866,-0.1272236320678058,0.1272236320678058,2250,167,ok,344,171.5,2026-07-14T14:34:29.463399
adult,xgboost,50/50,50,vertical,11,0.8406666666666667,0.8671111111111112,0.8405551655159937,0.8406666666666667,0.6822882617461852,-0.1117018642766953,0.1117018642766953,4500,338,ok,345,172.1,2026-07-14T14:34:29.463399
adult,xgboost,50/50,50,vertical,22,0.8422222222222222,0.8822222222222222,0.8419693732193732,0.8422222222222222,0.6866452361188317,-0.1085947364511895,0.1085947364511895,4500,338,ok,346,172.7,2026-07-14T14:34:29.463399
adult,xgboost,50/50,50,vertical,33,0.8308888888888889,0.8595555555555555,0.8307498028379767,0.8308888888888888,0.6628681351529213,-0.13661197926815,0.13661197926815,4500,335,ok,347,173.3,2026-07-14T14:34:29.463399
adult,xgboost,50/50,50,vertical,44,0.8411111111111111,0.8715555555555555,0.8409637060641539,0.8411111111111111,0.6834904043165259,-0.0855976578940853,0.0855976578940853,4500,338,ok,348,173.9,2026-07-14T14:34:29.463399
adult,xgboost,50/50,50,vertical,55,0.8404444444444444,0.8817777777777778,0.840171386137027,0.8404444444444444,0.6832274030816806,-0.1311562292973773,0.1311562292973773,4500,335,ok,349,174.6,2026-07-14T14:34:29.463399
adult,xgboost,50/50,25,horizontal,11,0.8293333333333334,0.8274021352313167,0.8293321196950734,0.829331618237328,0.6586694816716903,-0.1329946204423191,0.1329946204423191,1125,84,ok,350,175.1,2026-07-14T14:34:29.463399
adult,xgboost,50/50,25,horizontal,22,0.832,0.8507992895204263,0.8319357289029444,0.8319832746534516,0.6644518259505889,-0.1152596603494954,0.1152596603494954,1125,85,ok,351,175.6,2026-07-14T14:34:29.463399
adult,xgboost,50/50,25,horizontal,33,0.8257777777777778,0.8188277087033747,0.8257710323204612,0.8257839611132531,0.6516255896660953,-0.1788448155880306,0.1788448155880306,1125,84,ok,352,176.1,2026-07-14T14:34:29.463399
adult,xgboost,50/50,25,horizontal,44,0.8197158081705151,0.8436944937833037,0.8196120892051199,0.8197158081705151,0.6401682045595641,-0.1207482156042333,0.1207482156042333,1126,85,ok,353,176.6,2026-07-14T14:34:29.463399
adult,xgboost,50/50,25,horizontal,55,0.8337777777777777,0.872113676731794,0.8335231215908345,0.8337436711061106,0.6694920104921087,-0.0875584054080922,0.0875584054080922,1125,84,ok,354,177.1,2026-07-14T14:34:29.463399
adult,xgboost,50/50,25,vertical,11,0.8408888888888889,0.872,0.8407347358430877,0.8408888888888889,0.6831014095603392,-0.1104918174840929,0.1104918174840929,4500,338,ok,355,177.7,2026-07-14T14:34:29.463399
adult,xgboost,50/50,25,vertical,22,0.842,0.8875555555555555,0.8416714193282602,0.842,0.6868568209331305,-0.135760441682553,0.135760441682553,4500,338,ok,356,178.3,2026-07-14T14:34:29.463399
adult,xgboost,50/50,25,vertical,33,0.8322222222222222,0.8662222222222222,0.8320280466441429,0.8322222222222222,0.6659859881383272,-0.1444448774404738,0.1444448774404738,4500,335,ok,357,178.9,2026-07-14T14:34:29.463399
adult,xgboost,50/50,25,vertical,44,0.8442222222222222,0.8782222222222222,0.844041934698734,0.8442222222222222,0.69004166931523,-0.1038876234804783,0.1038876234804783,4500,338,ok,358,179.5,2026-07-14T14:34:29.463399
adult,xgboost,50/50,25,vertical,55,0.8346666666666667,0.8768888888888889,0.8343713978994652,0.8346666666666667,0.6717326353599382,-0.1359339074860683,0.1359339074860683,4500,335,ok,359,180.1,2026-07-14T14:34:29.463399
adult,xgboost,80/20,100,horizontal,11,0.8742222222222222,0.56,0.7820939581421915,0.7563888888888889,0.5747768525940483,-0.1494096099138771,0.1494096099138772,4500,134,ok,360,180.6,2026-07-14T14:34:29.463399
adult,xgboost,80/20,100,horizontal,22,0.8835555555555555,0.6133333333333333,0.8035264584369305,0.7822222222222222,0.6131153316013735,-0.1075223283030489,0.1075223283030489,4500,136,ok,361,181.2,2026-07-14T14:34:29.463399
adult,xgboost,80/20,100,horizontal,33,0.8842222222222222,0.6133333333333333,0.8043702737940026,0.7826388888888889,0.6150450628382956,-0.1297800130460678,0.1297800130460678,4500,139,ok,362,181.7,2026-07-14T14:34:29.463399
adult,xgboost,80/20,100,horizontal,44,0.8808888888888889,0.6077777777777778,0.7992191857222533,0.7784722222222222,0.6042995573522866,-0.0777992493217881,0.0777992493217881,4500,142,ok,363,182.2,2026-07-14T14:34:29.463399
adult,xgboost,80/20,100,horizontal,55,0.8808888888888889,0.6111111111111112,0.799792554540758,0.7797222222222222,0.6050144620642842,-0.0131578947368421,0.0131578947368421,4500,140,ok,364,182.7,2026-07-14T14:34:29.463399
adult,xgboost,80/20,100,vertical,11,0.8742222222222222,0.56,0.7820939581421915,0.7563888888888889,0.5747768525940483,-0.1494096099138771,0.1494096099138772,4500,134,ok,365,183.3,2026-07-14T14:34:29.463399
adult,xgboost,80/20,100,vertical,22,0.8835555555555555,0.6133333333333333,0.8035264584369305,0.7822222222222222,0.6131153316013735,-0.1075223283030489,0.1075223283030489,4500,136,ok,366,183.8,2026-07-14T14:34:29.463399
adult,xgboost,80/20,100,vertical,33,0.8842222222222222,0.6133333333333333,0.8043702737940026,0.7826388888888889,0.6150450628382956,-0.1297800130460678,0.1297800130460678,4500,139,ok,367,184.3,2026-07-14T14:34:29.463399
adult,xgboost,80/20,100,vertical,44,0.8808888888888889,0.6077777777777778,0.7992191857222533,0.7784722222222222,0.6042995573522866,-0.0777992493217881,0.0777992493217881,4500,142,ok,368,184.9,2026-07-14T14:34:29.463399
adult,xgboost,80/20,100,vertical,55,0.8808888888888889,0.6111111111111112,0.799792554540758,0.7797222222222222,0.6050144620642842,-0.0131578947368421,0.0131578947368421,4500,140,ok,369,185.4,2026-07-14T14:34:29.463399
adult,xgboost,80/20,75,horizontal,11,0.8743703703703704,0.5777777777777777,0.7856945174936771,0.7631481481481481,0.5790536431826249,-0.1089281402007796,0.1089281402007796,3375,101,ok,370,185.9,2026-07-14T14:34:29.463399
adult,xgboost,80/20,75,horizontal,22,0.8805925925925926,0.6133333333333333,0.7998017041491259,0.7803703703703704,0.6046595907356366,-0.1912534647366799,0.19125346473668,3375,102,ok,371,186.5,2026-07-14T14:34:29.463399
adult,xgboost,80/20,75,horizontal,33,0.8717037037037038,0.5644444444444444,0.7798545544931061,0.7564814814814815,0.5683489338207991,-0.0648154385019533,0.0648154385019533,3375,104,ok,372,187.0,2026-07-14T14:34:29.463399
adult,xgboost,80/20,75,horizontal,44,0.8705185185185185,0.5925925925925926,0.783729381614501,0.7662962962962963,0.5718417587196963,-0.0986503962595749,0.0986503962595749,3375,106,ok,373,187.6,2026-07-14T14:34:29.463399
adult,xgboost,80/20,75,horizontal,55,0.8752592592592593,0.5851851851851851,0.7881734637758919,0.7664814814814815,0.5832647188704942,-0.106516290726817,0.106516290726817,3375,105,ok,374,188.1,2026-07-14T14:34:29.463399
adult,xgboost,80/20,75,vertical,11,0.8762222222222222,0.5722222222222222,0.7869425219120245,0.7622222222222221,0.583257353770926,-0.1199290752503798,0.1199290752503798,4500,134,ok,375,188.8,2026-07-14T14:34:29.463399
adult,xgboost,80/20,75,vertical,22,0.8808888888888889,0.6022222222222222,0.7982535380909365,0.7763888888888889,0.6031300021800344,-0.1377425315676009,0.1377425315676008,4500,136,ok,376,189.4,2026-07-14T14:34:29.463399
adult,xgboost,80/20,75,vertical,33,0.8837777777777778,0.6,0.8015162020043026,0.7773611111111112,0.6111532254097797,-0.1225195927357981,0.1225195927357981,4500,139,ok,377,190.1,2026-07-14T14:34:29.463399
adult,xgboost,80/20,75,vertical,44,0.876,0.5944444444444444,0.790778175205739,0.7704166666666666,0.5874682827893082,-0.0870526589616856,0.0870526589616856,4500,142,ok,378,190.7,2026-07-14T14:34:29.463399
adult,xgboost,80/20,75,vertical,55,0.8768888888888889,0.5911111111111111,0.7912772825625021,0.7697222222222222,0.5892454606263478,0.0105263157894737,-0.0105263157894737,4500,140,ok,379,191.4,2026-07-14T14:34:29.463399
adult,xgboost,80/20,50,horizontal,11,0.8737777777777778,0.5911111111111111,0.7874353324391645,0.7677777777777778,0.5804516449859379,-0.080745099567437,0.080745099567437,2250,67,ok,380,191.9,2026-07-14T14:34:29.463399
adult,xgboost,80/20,50,horizontal,22,0.8706666666666667,0.58,0.7815702323011838,0.7616666666666667,0.5690909044733514,-0.1115645210963966,0.1115645210963965,2250,68,ok,381,192.4,2026-07-14T14:34:29.463399
adult,xgboost,80/20,50,horizontal,33,0.8746666666666667,0.6,0.7901311010823877,0.7716666666666667,0.5850454353239443,-0.1015037593984963,0.1015037593984963,2250,70,ok,382,192.9,2026-07-14T14:34:29.463399
adult,xgboost,80/20,50,horizontal,44,0.8751111111111111,0.6066666666666667,0.7918567170940202,0.7744444444444445,0.5878782397638304,-0.0513954439035266,0.0513954439035266,2250,71,ok,383,193.5,2026-07-14T14:34:29.463399
adult,xgboost,80/20,50,horizontal,55,0.8835555555555555,0.5977777777777777,0.8008445945945946,0.7763888888888888,0.6100736427875411,-0.0481203007518796,0.0481203007518796,2250,70,ok,384,194.0,2026-07-14T14:34:29.463399
adult,xgboost,80/20,50,vertical,11,0.8717777777777778,0.5477777777777778,0.7766265420317616,0.7502777777777778,0.5649007185774636,-0.1087447878102958,0.1087447878102958,4500,134,ok,385,194.6,2026-07-14T14:34:29.463399
adult,xgboost,80/20,50,vertical,22,0.8817777777777778,0.5888888888888889,0.797007445434516,0.7719444444444444,0.6030886770794416,-0.0960502001847859,0.0960502001847859,4500,136,ok,386,195.3,2026-07-14T14:34:29.463399
adult,xgboost,80/20,50,vertical,33,0.8817777777777778,0.5755555555555556,0.7945659695525142,0.7669444444444444,0.6006512790683265,-0.1531683982643057,0.1531683982643057,4500,139,ok,387,195.9,2026-07-14T14:34:29.463399
adult,xgboost,80/20,50,vertical,44,0.8802222222222222,0.59,0.7952438666230957,0.7713888888888889,0.5986884888952886,-0.0232450109628749,0.0232450109628749,4500,142,ok,388,196.5,2026-07-14T14:34:29.463399
adult,xgboost,80/20,50,vertical,55,0.8764444444444445,0.5744444444444444,0.787640363608586,0.7631944444444445,0.5843757497768297,-0.0458646616541353,0.0458646616541353,4500,140,ok,389,197.2,2026-07-14T14:34:29.463399
adult,xgboost,80/20,25,horizontal,11,0.8657777777777778,0.5822222222222222,0.7760916643490479,0.7594444444444444,0.5563372825146647,-0.1315060055435787,0.1315060055435787,1125,34,ok,390,197.7,2026-07-14T14:34:29.463399
adult,xgboost,80/20,25,horizontal,22,0.8764444444444445,0.5822222222222222,0.7890954064271447,0.7661111111111111,0.5860249110566577,-0.0622112719433323,0.0622112719433323,1125,34,ok,391,198.2,2026-07-14T14:34:29.463399
adult,xgboost,80/20,25,horizontal,33,0.8711111111111111,0.6044444444444445,0.7865864427933922,0.7711111111111111,0.5764987767424717,-0.2759398496240601,0.2759398496240601,1125,35,ok,392,198.7,2026-07-14T14:34:29.463399
adult,xgboost,80/20,25,horizontal,44,0.8586666666666667,0.5688888888888889,0.7651094842585602,0.75,0.5338262334403838,-0.0984962406015038,0.0984962406015037,1125,35,ok,393,199.2,2026-07-14T14:34:29.463399
adult,xgboost,80/20,25,horizontal,55,0.8631111111111112,0.6177777777777778,0.7794050238357169,0.7711111111111111,0.559736094221504,-0.156390977443609,0.1563909774436089,1125,35,ok,394,199.7,2026-07-14T14:34:29.463399
adult,xgboost,80/20,25,vertical,11,0.8704444444444445,0.5366666666666666,0.7726918081281459,0.7452777777777777,0.5585365470997172,-0.121994466310744,0.121994466310744,4500,134,ok,395,200.4,2026-07-14T14:34:29.463399
adult,xgboost,80/20,25,vertical,22,0.8828888888888888,0.5888888888888889,0.798417790031664,0.7726388888888889,0.6064270050065296,-0.0873883584847552,0.0873883584847552,4500,136,ok,396,201.0,2026-07-14T14:34:29.463399
adult,xgboost,80/20,25,vertical,33,0.8808888888888889,0.5766666666666667,0.793643748346669,0.7668055555555555,0.5981291082519864,-0.1289575435577951,0.1289575435577951,4500,139,ok,397,201.6,2026-07-14T14:34:29.463399
adult,xgboost,80/20,25,vertical,44,0.8786666666666667,0.5911111111111111,0.7934929693475319,0.7708333333333334,0.594368570457161,-0.007841242706901,0.007841242706901,4500,142,ok,398,202.2,2026-07-14T14:34:29.463399
adult,xgboost,80/20,25,vertical,55,0.8728888888888889,0.57,0.782388076963267,0.7593055555555555,0.5730342161945525,-0.0152255639097743,0.0152255639097743,4500,140,ok,399,202.8,2026-07-14T14:34:29.463399
adult,xgboost,90/10,100,horizontal,11,0.9293333333333332,0.4688888888888889,0.7658857404620116,0.7246913580246914,0.5490477123948986,-0.1410984848484848,0.1410984848484847,4500,66,ok,400,203.4,2026-07-14T14:34:29.463399
adult,xgboost,90/10,100,horizontal,22,0.9248888888888888,0.4377777777777777,0.7486854314877822,0.7083950617283951,0.5159092869186136,-0.1747118566700901,0.1747118566700902,4500,69,ok,401,203.9,2026-07-14T14:34:29.463399
adult,xgboost,90/10,100,horizontal,33,0.922,0.4088888888888889,0.7347178948609507,0.6939506172839506,0.4908595870175833,-0.0526883266244968,0.0526883266244968,4500,74,ok,402,204.4,2026-07-14T14:34:29.463399
adult,xgboost,90/10,100,horizontal,44,0.9306666666666666,0.4688888888888889,0.7685934503375833,0.7254320987654321,0.5562500299247428,0.0453108535300316,-0.0453108535300316,4500,73,ok,403,205.0,2026-07-14T14:34:29.463399
adult,xgboost,90/10,100,horizontal,55,0.9206666666666666,0.4177777777777778,0.7348883469855245,0.6971604938271605,0.487291283735389,-0.0989583333333333,0.0989583333333334,4500,66,ok,404,205.5,2026-07-14T14:34:29.463399
adult,xgboost,90/10,100,vertical,11,0.9293333333333332,0.4688888888888889,0.7658857404620116,0.7246913580246914,0.5490477123948986,-0.1410984848484848,0.1410984848484847,4500,66,ok,405,206.0,2026-07-14T14:34:29.463399
adult,xgboost,90/10,100,vertical,22,0.9248888888888888,0.4377777777777777,0.7486854314877822,0.7083950617283951,0.5159092869186136,-0.1747118566700901,0.1747118566700902,4500,69,ok,406,206.6,2026-07-14T14:34:29.463399
adult,xgboost,90/10,100,vertical,33,0.922,0.4088888888888889,0.7347178948609507,0.6939506172839506,0.4908595870175833,-0.0526883266244968,0.0526883266244968,4500,74,ok,407,207.1,2026-07-14T14:34:29.463399
adult,xgboost,90/10,100,vertical,44,0.9306666666666666,0.4688888888888889,0.7685934503375833,0.7254320987654321,0.5562500299247428,0.0453108535300316,-0.0453108535300316,4500,73,ok,408,207.6,2026-07-14T14:34:29.463399
adult,xgboost,90/10,100,vertical,55,0.9206666666666666,0.4177777777777778,0.7348883469855245,0.6971604938271605,0.487291283735389,-0.0989583333333333,0.0989583333333334,4500,66,ok,409,208.2,2026-07-14T14:34:29.463399
adult,xgboost,90/10,75,horizontal,11,0.9318518518518518,0.4777448071216617,0.7731122942884802,0.7299849776227136,0.5646450547583678,-0.0336592970521542,0.033659297052154,3375,49,ok,410,208.7,2026-07-14T14:34:29.463399
adult,xgboost,90/10,75,horizontal,22,0.9247407407407408,0.4112426035502958,0.740853621670774,0.6965663132996787,0.5070340606274683,-0.1451048951048951,0.1451048951048951,3375,52,ok,411,209.2,2026-07-14T14:34:29.463399
adult,xgboost,90/10,75,horizontal,33,0.928,0.4556213017751479,0.7598918975573896,0.718097117795707,0.5385052399267073,-0.0538247213779128,0.0538247213779129,3375,56,ok,412,209.8,2026-07-14T14:34:29.463399
adult,xgboost,90/10,75,horizontal,44,0.9277037037037036,0.4792899408284023,0.7654765539207422,0.7284497119354392,0.5442859373265231,0.0573080629617731,-0.0573080629617731,3375,55,ok,413,210.3,2026-07-14T14:34:29.463399
adult,xgboost,90/10,75,horizontal,55,0.925037037037037,0.4585798816568047,0.754864738159224,0.7177654100414416,0.5241469984968287,-0.0452777777777778,0.0452777777777778,3375,50,ok,414,210.9,2026-07-14T14:34:29.463399
adult,xgboost,90/10,75,vertical,11,0.9268888888888888,0.4711111111111111,0.761593857382402,0.724320987654321,0.5370848149890115,-0.1614583333333333,0.1614583333333334,4500,66,ok,415,211.5,2026-07-14T14:34:29.463399
adult,xgboost,90/10,75,vertical,22,0.9291111111111112,0.4377777777777777,0.7570503218088929,0.7107407407407408,0.5390203480638249,-0.191829282209289,0.191829282209289,4500,69,ok,416,212.1,2026-07-14T14:34:29.463399
adult,xgboost,90/10,75,vertical,33,0.9248888888888888,0.4333333333333333,0.7474267753523073,0.7064197530864198,0.5144385505731739,-0.0657705577918343,0.0657705577918343,4500,74,ok,417,212.8,2026-07-14T14:34:29.463399
adult,xgboost,90/10,75,vertical,44,0.9255555555555556,0.4466666666666666,0.7524561847446998,0.712716049382716,0.5223088021507892,0.0391337524072526,-0.0391337524072525,4500,73,ok,418,213.4,2026-07-14T14:34:29.463399
adult,xgboost,90/10,75,vertical,55,0.92,0.4333333333333333,0.7381818181818183,0.7037037037037037,0.4899789435061114,-0.0816761363636363,0.0816761363636363,4500,66,ok,419,214.0,2026-07-14T14:34:29.463399
adult,xgboost,90/10,50,horizontal,11,0.9253333333333332,0.4222222222222222,0.7450830705485975,0.7017283950617283,0.51323297557285,0.0023674242424242,-0.0023674242424243,2250,33,ok,420,214.6,2026-07-14T14:34:29.463399
adult,xgboost,90/10,50,horizontal,22,0.9262222222222222,0.4044444444444444,0.7415038867849313,0.6943209876543209,0.512881668794273,-0.0052631578947368,0.0052631578947367,2250,35,ok,421,215.1,2026-07-14T14:34:29.463399
adult,xgboost,90/10,50,horizontal,33,0.9257777777777778,0.4311111111111111,0.7485241058802192,0.7059259259259258,0.5184690666528263,-0.1278033352501437,0.1278033352501437,2250,37,ok,422,217.0,2026-07-14T14:34:29.463399
adult,xgboost,90/10,50,horizontal,44,0.9204444444444444,0.4355555555555555,0.7396363636363636,0.7049382716049383,0.4929485128606938,-0.003737780333525,0.003737780333525,2250,37,ok,423,217.5,2026-07-14T14:34:29.463399
adult,xgboost,90/10,50,horizontal,55,0.9235555555555556,0.4444444444444444,0.747983870967742,0.7106172839506173,0.5113867516938292,-0.1302083333333333,0.1302083333333334,2250,33,ok,424,218.0,2026-07-14T14:34:29.463399
adult,xgboost,90/10,50,vertical,11,0.9273333333333332,0.4577777777777778,0.7589632816637315,0.7186419753086419,0.5351256450906711,-0.0925662878787879,0.0925662878787879,4500,66,ok,425,218.7,2026-07-14T14:34:29.463399
adult,xgboost,90/10,50,vertical,22,0.9257777777777778,0.44,0.7510394063374799,0.7098765432098766,0.5213056423130676,-0.108866826429305,0.1088668264293051,4500,69,ok,426,219.3,2026-07-14T14:34:29.463399
adult,xgboost,90/10,50,vertical,33,0.9271111111111112,0.4222222222222222,0.7485834825480144,0.702716049382716,0.523186721436368,-0.0362995974698102,0.0362995974698102,4500,74,ok,427,219.9,2026-07-14T14:34:29.463399
adult,xgboost,90/10,50,vertical,44,0.9317777777777778,0.4644444444444444,0.7697260131263672,0.7240740740740741,0.5612749645216831,0.0996693434104865,-0.0996693434104865,4500,73,ok,428,220.6,2026-07-14T14:34:29.463399
adult,xgboost,90/10,50,vertical,55,0.9184444444444444,0.3933333333333333,0.7233278590836665,0.6850617283950617,0.4667420078235533,-0.0703125,0.0703125,4500,66,ok,429,221.2,2026-07-14T14:34:29.463399
adult,xgboost,90/10,25,horizontal,11,0.9226666666666666,0.3539823008849557,0.7186376167492188,0.670074154395047,0.478306385306033,-0.0012254901960784,0.0012254901960784,1125,17,ok,430,221.7,2026-07-14T14:34:29.463399
adult,xgboost,90/10,25,horizontal,22,0.9094138543516874,0.3839285714285714,0.7040141019297378,0.6756920963651732,0.4191879247178863,-0.1058823529411764,0.1058823529411764,1126,17,ok,431,222.2,2026-07-14T14:34:29.463399
adult,xgboost,90/10,25,horizontal,33,0.9084444444444444,0.4642857142857143,0.7259997020579285,0.710918770272176,0.4542328564670914,0.0425531914893617,-0.0425531914893617,1125,18,ok,432,222.7,2026-07-14T14:34:29.463399
adult,xgboost,90/10,25,horizontal,44,0.9316163410301954,0.5089285714285714,0.7797490670670213,0.743616159481544,0.5709225415242284,0.1879432624113474,-0.1879432624113474,1126,18,ok,433,223.2,2026-07-14T14:34:29.463399
adult,xgboost,90/10,25,horizontal,55,0.9226666666666666,0.4690265486725664,0.7534640970677655,0.7211733533876666,0.5173555800403878,-0.136642156862745,0.1366421568627449,1125,17,ok,434,223.7,2026-07-14T14:34:29.463399
adult,xgboost,90/10,25,vertical,11,0.926,0.44,0.7514743615577856,0.71,0.522484343558121,-0.125,0.125,4500,66,ok,435,224.3,2026-07-14T14:34:29.463399
adult,xgboost,90/10,25,vertical,22,0.9266666666666666,0.4088888888888889,0.7437355862052779,0.6965432098765432,0.5167724353655463,-0.1405911217619536,0.1405911217619537,4500,69,ok,436,225.0,2026-07-14T14:34:29.463399
adult,xgboost,90/10,25,vertical,33,0.9297777777777778,0.4377777777777777,0.7584056813741313,0.7111111111111111,0.5428817639036148,-0.1034358826912018,0.1034358826912018,4500,74,ok,437,225.6,2026-07-14T14:34:29.463399
adult,xgboost,90/10,25,vertical,44,0.9266666666666666,0.4422222222222222,0.75340483984101,0.711358024691358,0.5267456929313838,0.109843392318593,-0.109843392318593,4500,73,ok,438,226.5,2026-07-14T14:34:29.463399
adult,xgboost,90/10,25,vertical,55,0.922,0.4133333333333333,0.7360580762468811,0.695925925925926,0.4924455582928227,-0.0759943181818181,0.0759943181818182,4500,66,ok,439,227.4,2026-07-14T14:34:29.463399
adult,xgboost,95/5,100,horizontal,11,0.9573333333333334,0.2888888888888888,0.6908008972499888,0.6407017543859649,0.4223073275193047,-0.0462962962962962,0.0462962962962962,4500,36,ok,440,228.2,2026-07-14T14:34:29.463399
adult,xgboost,95/5,100,horizontal,22,0.9577777777777776,0.3111111111111111,0.7011638880150991,0.6514619883040935,0.437339675831457,0.0146288882044964,-0.0146288882044964,4500,34,ok,441,228.8,2026-07-14T14:34:29.463399
adult,xgboost,95/5,100,horizontal,33,0.9615555555555556,0.3466666666666667,0.7271062855292018,0.6702923976608187,0.4940137796479619,0.004054054054054,-0.004054054054054,4500,40,ok,442,229.4,2026-07-14T14:34:29.463399
adult,xgboost,95/5,100,horizontal,44,0.9591111111111112,0.28,0.6926389249786554,0.6374269005847953,0.4400340152070435,-0.0270676691729323,0.0270676691729323,4500,35,ok,443,229.9,2026-07-14T14:34:29.463399
adult,xgboost,95/5,100,horizontal,55,0.9571111111111112,0.2711111111111111,0.6825396825396826,0.6321637426900585,0.4114917131329123,-0.050375939849624,0.050375939849624,4500,35,ok,444,230.4,2026-07-14T14:34:29.463399
adult,xgboost,95/5,100,vertical,11,0.9573333333333334,0.2888888888888888,0.6908008972499888,0.6407017543859649,0.4223073275193047,-0.0462962962962962,0.0462962962962962,4500,36,ok,445,230.9,2026-07-14T14:34:29.463399
adult,xgboost,95/5,100,vertical,22,0.9577777777777776,0.3111111111111111,0.7011638880150991,0.6514619883040935,0.437339675831457,0.0146288882044964,-0.0146288882044964,4500,34,ok,446,231.5,2026-07-14T14:34:29.463399
adult,xgboost,95/5,100,vertical,33,0.9615555555555556,0.3466666666666667,0.7271062855292018,0.6702923976608187,0.4940137796479619,0.004054054054054,-0.004054054054054,4500,40,ok,447,232.0,2026-07-14T14:34:29.463399
adult,xgboost,95/5,100,vertical,44,0.9591111111111112,0.28,0.6926389249786554,0.6374269005847953,0.4400340152070435,-0.0270676691729323,0.0270676691729323,4500,35,ok,448,232.5,2026-07-14T14:34:29.463399
adult,xgboost,95/5,100,vertical,55,0.9571111111111112,0.2711111111111111,0.6825396825396826,0.6321637426900585,0.4114917131329123,-0.050375939849624,0.050375939849624,4500,35,ok,449,233.0,2026-07-14T14:34:29.463399
adult,xgboost,95/5,75,horizontal,11,0.9582222222222222,0.3372781065088757,0.7126749083005026,0.6641162834478253,0.4542820930296586,-0.0487741262389149,0.0487741262389149,3375,27,ok,450,233.6,2026-07-14T14:34:29.463399
adult,xgboost,95/5,75,horizontal,22,0.96,0.3313609467455621,0.7163408230769853,0.662249406622937,0.4710114332441421,0.0629370629370629,-0.0629370629370629,3375,26,ok,451,234.1,2026-07-14T14:34:29.463399
adult,xgboost,95/5,75,horizontal,33,0.9567535545023697,0.3136094674556213,0.6990866910866911,0.6521274652526001,0.4284454602891446,-0.0570743405275779,0.0570743405275779,3376,30,ok,452,234.6,2026-07-14T14:34:29.463399
adult,xgboost,95/5,75,horizontal,44,0.956457345971564,0.2544378698224852,0.6732746208343127,0.6239448469785953,0.396384033412464,-0.1188811188811188,0.1188811188811188,3376,26,ok,453,235.2,2026-07-14T14:34:29.463399
adult,xgboost,95/5,75,horizontal,55,0.9605925925925926,0.3273809523809524,0.7161176852278742,0.6605722972070025,0.4738240880944299,-0.1598049837486456,0.1598049837486457,3375,26,ok,454,235.7,2026-07-14T14:34:29.463399
adult,xgboost,95/5,75,vertical,11,0.9604444444444444,0.3244444444444444,0.7150504584806106,0.6591812865497075,0.4730293009330082,-0.0224867724867724,0.0224867724867724,4500,36,ok,455,236.3,2026-07-14T14:34:29.463399
adult,xgboost,95/5,75,vertical,22,0.9584444444444444,0.32,0.7067371008758158,0.6560233918128655,0.4484314568781944,0.0041576840160147,-0.0041576840160146,4500,34,ok,456,237.0,2026-07-14T14:34:29.463399
adult,xgboost,95/5,75,vertical,33,0.9624444444444444,0.3777777777777777,0.7409810839558473,0.6854970760233918,0.514564289573737,-0.0033783783783783,0.0033783783783783,4500,40,ok,457,237.6,2026-07-14T14:34:29.463399
adult,xgboost,95/5,75,vertical,44,0.9595555555555556,0.2844444444444444,0.6959798062288874,0.639766081871345,0.4475239558914187,-0.0323308270676692,0.0323308270676692,4500,35,ok,458,238.2,2026-07-14T14:34:29.463399
adult,xgboost,95/5,75,vertical,55,0.9573333333333334,0.28,0.6870558474918831,0.6364912280701754,0.4181971377207408,-0.0270676691729323,0.0270676691729323,4500,35,ok,459,238.9,2026-07-14T14:34:29.463399
adult,xgboost,95/5,50,horizontal,11,0.9591111111111112,0.3303571428571428,0.7122778145345572,0.6612028932246425,0.4581446735548127,-0.0626477541371158,0.0626477541371158,2250,18,ok,460,239.4,2026-07-14T14:34:29.463399
adult,xgboost,95/5,50,horizontal,22,0.9608888888888888,0.3660714285714285,0.7310148077706833,0.6790600360817853,0.4914815886655275,-0.1541795665634674,0.1541795665634674,2250,17,ok,461,239.9,2026-07-14T14:34:29.463399
adult,xgboost,95/5,50,horizontal,33,0.9591111111111112,0.3839285714285714,0.7309298129767222,0.6865854269677937,0.4809747674521886,-0.1021739130434782,0.1021739130434782,2250,20,ok,462,240.4,2026-07-14T14:34:29.463399
adult,xgboost,95/5,50,horizontal,44,0.9564444444444444,0.1964285714285714,0.643685887698841,0.5963433783242016,0.3653655652529838,0.1845201238390093,-0.1845201238390094,2250,17,ok,463,240.9,2026-07-14T14:34:29.463399
adult,xgboost,95/5,50,horizontal,55,0.9568888888888888,0.3008849557522124,0.6948726014469959,0.6462309664114361,0.4251041187652277,-0.0935672514619883,0.0935672514619883,2250,18,ok,464,241.5,2026-07-14T14:34:29.463399
adult,xgboost,95/5,50,vertical,11,0.9588888888888888,0.3022222222222222,0.701180096333076,0.6478362573099415,0.4459755007468912,-0.029100529100529,0.029100529100529,4500,36,ok,465,242.1,2026-07-14T14:34:29.463399
adult,xgboost,95/5,50,vertical,22,0.9602222222222222,0.3111111111111111,0.7091258645425693,0.652748538011696,0.4655648708749915,-0.0200184785956267,0.0200184785956266,4500,34,ok,466,242.7,2026-07-14T14:34:29.463399
adult,xgboost,95/5,50,vertical,33,0.9626666666666668,0.36,0.7357659641396666,0.6771929824561403,0.511636763617496,0.0182432432432432,-0.0182432432432432,4500,40,ok,467,243.4,2026-07-14T14:34:29.463399
adult,xgboost,95/5,50,vertical,44,0.9593333333333334,0.28,0.6933553625947163,0.6375438596491227,0.4429720716850061,-0.0270676691729323,0.0270676691729323,4500,35,ok,468,244.0,2026-07-14T14:34:29.463399
adult,xgboost,95/5,50,vertical,55,0.9577777777777776,0.2755555555555555,0.6865150890737126,0.6346198830409358,0.4214392602248257,-0.0556390977443609,0.0556390977443609,4500,35,ok,469,244.6,2026-07-14T14:34:29.463399
adult,xgboost,95/5,25,horizontal,11,0.9653333333333334,0.4385964912280701,0.7718752762193949,0.7160210920559826,0.5699859321431159,0.2708333333333333,-0.2708333333333333,1125,9,ok,470,245.1,2026-07-14T14:34:29.463399
adult,xgboost,95/5,25,horizontal,22,0.9413333333333334,0.3214285714285714,0.661107459743674,0.6476179339836964,0.3242368312135292,0.0625,-0.0625,1125,8,ok,471,245.7,2026-07-14T14:34:29.463399
adult,xgboost,95/5,25,horizontal,33,0.9528888888888888,0.375,0.7087556478202467,0.6790809167446211,0.4258091157172194,-0.2130434782608695,0.2130434782608696,1125,10,ok,472,246.1,2026-07-14T14:34:29.463399
adult,xgboost,95/5,25,horizontal,44,0.9448888888888888,0.2321428571428571,0.6333886973341183,0.6071846184685287,0.2804531084981101,0.2529550827423167,-0.2529550827423168,1125,9,ok,473,246.7,2026-07-14T14:34:29.463399
adult,xgboost,95/5,25,horizontal,55,0.9573333333333334,0.3035714285714285,0.6962469624696247,0.6475761726580248,0.4272121390007206,0.1678486997635933,-0.1678486997635933,1125,9,ok,474,247.2,2026-07-14T14:34:29.463399
adult,xgboost,95/5,25,vertical,11,0.958,0.2888888888888888,0.6928759128410369,0.6410526315789473,0.4299167184343336,-0.0793650793650793,0.0793650793650794,4500,36,ok,475,247.8,2026-07-14T14:34:29.463399
adult,xgboost,95/5,25,vertical,22,0.9586666666666668,0.2888888888888888,0.6949868520019358,0.6414035087719299,0.4378836755100671,-0.0977825685247921,0.0977825685247921,4500,34,ok,476,248.4,2026-07-14T14:34:29.463399
adult,xgboost,95/5,25,vertical,33,0.9626666666666668,0.36,0.7357659641396666,0.6771929824561403,0.511636763617496,-0.0121621621621622,0.0121621621621622,4500,40,ok,477,249.0,2026-07-14T14:34:29.463399
adult,xgboost,95/5,25,vertical,44,0.96,0.2666666666666666,0.6896551724137931,0.631578947368421,0.4480107683171241,-0.0112781954887218,0.0112781954887217,4500,35,ok,478,249.6,2026-07-14T14:34:29.463399
adult,xgboost,95/5,25,vertical,55,0.9584444444444444,0.28,0.690514745878219,0.6370760233918129,0.4315108530460997,-0.0270676691729323,0.0270676691729323,4500,35,ok,479,250.2,2026-07-14T14:34:29.463399
health,logistic_regression,50/50,100,horizontal,11,0.6091111111111112,0.5284444444444445,0.6065508940622066,0.6091111111111112,0.2211188857244603,0.0620777675418394,-0.0620777675418393,4500,1248,ok,480,250.8,2026-07-14T14:34:29.463399
health,logistic_regression,50/50,100,horizontal,22,0.62,0.5555555555555556,0.6184152455382601,0.62,0.2420186676961468,0.0019901036127544,-0.0019901036127544,4500,1222,ok,481,251.2,2026-07-14T14:34:29.463399
health,logistic_regression,50/50,100,horizontal,33,0.6048888888888889,0.5546666666666666,0.603889791357203,0.6048888888888888,0.2108440862188957,0.0658297425521969,-0.0658297425521969,4500,1252,ok,482,251.6,2026-07-14T14:34:29.463399
health,logistic_regression,50/50,100,horizontal,44,0.6131111111111112,0.54,0.6110319858359937,0.6131111111111112,0.2286801291612305,0.0545282464203514,-0.0545282464203514,4500,1227,ok,483,252.0,2026-07-14T14:34:29.463399
health,logistic_regression,50/50,100,horizontal,55,0.6002222222222222,0.5524444444444444,0.599307555147491,0.6002222222222222,0.2013658748605571,0.0393554152659182,-0.0393554152659182,4500,1231,ok,484,252.5,2026-07-14T14:34:29.463399
health,logistic_regression,50/50,100,vertical,11,0.6091111111111112,0.5284444444444445,0.6065508940622066,0.6091111111111112,0.2211188857244603,0.0620777675418394,-0.0620777675418393,4500,1248,ok,485,252.9,2026-07-14T14:34:29.463399
health,logistic_regression,50/50,100,vertical,22,0.62,0.5555555555555556,0.6184152455382601,0.62,0.2420186676961468,0.0019901036127544,-0.0019901036127544,4500,1222,ok,486,253.3,2026-07-14T14:34:29.463399
health,logistic_regression,50/50,100,vertical,33,0.6048888888888889,0.5546666666666666,0.603889791357203,0.6048888888888888,0.2108440862188957,0.0658297425521969,-0.0658297425521969,4500,1252,ok,487,253.8,2026-07-14T14:34:29.463399
health,logistic_regression,50/50,100,vertical,44,0.6131111111111112,0.54,0.6110319858359937,0.6131111111111112,0.2286801291612305,0.0545282464203514,-0.0545282464203514,4500,1227,ok,488,254.2,2026-07-14T14:34:29.463399
health,logistic_regression,50/50,100,vertical,55,0.6002222222222222,0.5524444444444444,0.599307555147491,0.6002222222222222,0.2013658748605571,0.0393554152659182,-0.0393554152659182,4500,1231,ok,489,254.7,2026-07-14T14:34:29.463399
health,logistic_regression,50/50,75,horizontal,11,0.6063388625592417,0.54739336492891,0.6049662896121819,0.6063388625592417,0.2141712392472444,0.0734792689579924,-0.0734792689579924,3376,936,ok,490,255.1,2026-07-14T14:34:29.463399
health,logistic_regression,50/50,75,horizontal,22,0.6124444444444445,0.5483106105512745,0.6108356336154793,0.612425447455732,0.2267245635065864,0.025672721299962,-0.025672721299962,3375,916,ok,491,255.6,2026-07-14T14:34:29.463399
health,logistic_regression,50/50,75,horizontal,33,0.6149289099526066,0.5604265402843602,0.6137816451240461,0.6149289099526066,0.2312357002749601,0.0354238736490684,-0.0354238736490684,3376,939,ok,492,256.1,2026-07-14T14:34:29.463399
health,logistic_regression,50/50,75,horizontal,44,0.6113744075829384,0.5633886255924171,0.6104774792870227,0.6113744075829384,0.2237817748138422,0.0504652417090997,-0.0504652417090997,3376,921,ok,493,256.5,2026-07-14T14:34:29.463399
health,logistic_regression,50/50,75,horizontal,55,0.610781990521327,0.5456161137440758,0.6091220917199931,0.610781990521327,0.2234700824490545,0.0726658594098528,-0.0726658594098528,3376,923,ok,494,257.0,2026-07-14T14:34:29.463399
health,logistic_regression,50/50,75,vertical,11,0.6117777777777778,0.5266666666666666,0.6089450140825061,0.6117777777777778,0.2268665133420953,0.0750662137263933,-0.0750662137263934,4500,1248,ok,495,257.7,2026-07-14T14:34:29.463399
health,logistic_regression,50/50,75,vertical,22,0.6208888888888889,0.5586666666666666,0.6194154157330107,0.6208888888888888,0.2436719428453375,-0.0137747011660415,0.0137747011660415,4500,1222,ok,496,258.4,2026-07-14T14:34:29.463399
health,logistic_regression,50/50,75,vertical,33,0.6055555555555555,0.5475555555555556,0.6042241656487981,0.6055555555555556,0.2125459635451057,0.0728581764167313,-0.0728581764167313,4500,1252,ok,497,259.2,2026-07-14T14:34:29.463399
health,logistic_regression,50/50,75,vertical,44,0.6146666666666667,0.5431111111111111,0.6126835298324518,0.6146666666666667,0.2317184979891721,0.0566481918323545,-0.0566481918323545,4500,1227,ok,498,259.9,2026-07-14T14:34:29.463399
health,logistic_regression,50/50,75,vertical,55,0.6017777777777777,0.5515555555555556,0.6007708133363936,0.6017777777777777,0.2045902362039284,0.0377307198963,-0.0377307198963,4500,1231,ok,499,260.6,2026-07-14T14:34:29.463399
health,logistic_regression,50/50,50,horizontal,11,0.6013333333333334,0.5564444444444444,0.6005283931137093,0.6013333333333333,0.2034883890294986,0.0963649623829264,-0.0963649623829264,2250,624,ok,500,261.0,2026-07-14T14:34:29.463399
health,logistic_regression,50/50,50,horizontal,22,0.6151111111111112,0.5511111111111111,0.6135281223000522,0.6151111111111112,0.2321316986134144,0.0045533570659822,-0.0045533570659822,2250,611,ok,501,261.5,2026-07-14T14:34:29.463399
health,logistic_regression,50/50,50,horizontal,33,0.6026666666666667,0.5422222222222223,0.6012096739019239,0.6026666666666667,0.2068503646360587,-0.0267627907572333,0.0267627907572333,2250,626,ok,502,261.9,2026-07-14T14:34:29.463399
health,logistic_regression,50/50,50,horizontal,44,0.5951111111111111,0.56,0.5946113519896825,0.5951111111111111,0.1906929721004605,0.0635163896818923,-0.0635163896818923,2250,613,ok,503,262.3,2026-07-14T14:34:29.463399
health,logistic_regression,50/50,50,horizontal,55,0.6208888888888889,0.568,0.6198254514999884,0.6208888888888888,0.2431418537480235,0.047046028627561,-0.047046028627561,2250,616,ok,504,262.8,2026-07-14T14:34:29.463399
health,logistic_regression,50/50,50,vertical,11,0.614,0.5266666666666666,0.6110333078202235,0.614,0.2315596218544011,0.0714676416397973,-0.0714676416397973,4500,1248,ok,505,263.4,2026-07-14T14:34:29.463399
health,logistic_regression,50/50,50,vertical,22,0.6253333333333333,0.5462222222222223,0.6229736885626507,0.6253333333333333,0.2538644631023281,0.0098804664166035,-0.0098804664166035,4500,1222,ok,506,264.1,2026-07-14T14:34:29.463399
health,logistic_regression,50/50,50,vertical,33,0.61,0.5497777777777778,0.6085804323720412,0.6100000000000001,0.2216133297034808,0.0696488824293956,-0.0696488824293956,4500,1252,ok,507,264.8,2026-07-14T14:34:29.463399
health,logistic_regression,50/50,50,vertical,44,0.6217777777777778,0.5382222222222223,0.6191186428270776,0.6217777777777778,0.2470292639399125,0.0530607757518397,-0.0530607757518397,4500,1227,ok,508,265.5,2026-07-14T14:34:29.463399
health,logistic_regression,50/50,50,vertical,55,0.6015555555555555,0.5448888888888889,0.6002719844835082,0.6015555555555556,0.2044282377919582,0.0398951202537649,-0.0398951202537649,4500,1231,ok,509,266.2,2026-07-14T14:34:29.463399
health,logistic_regression,50/50,25,horizontal,11,0.6142222222222222,0.5683836589698046,0.6134277733439745,0.6142630038621265,0.2294897814095553,-0.0024134232301563,0.0024134232301563,1125,312,ok,510,266.6,2026-07-14T14:34:29.463399
health,logistic_regression,50/50,25,horizontal,22,0.6213333333333333,0.5658362989323843,0.6201420989556583,0.621284046446654,0.2440793387704015,0.0747081712062256,-0.0747081712062256,1125,305,ok,511,267.0,2026-07-14T14:34:29.463399
health,logistic_regression,50/50,25,horizontal,33,0.5973333333333334,0.5719360568383659,0.597083744122779,0.5973559287750548,0.1949621862321753,0.028664536741214,-0.028664536741214,1125,313,ok,512,267.4,2026-07-14T14:34:29.463399
health,logistic_regression,50/50,25,horizontal,44,0.6088888888888889,0.5907473309608541,0.6087525608923288,0.6088727773809599,0.2178902174430592,0.0333141725745673,-0.0333141725745673,1125,307,ok,513,267.8,2026-07-14T14:34:29.463399
health,logistic_regression,50/50,25,horizontal,55,0.5964444444444444,0.5470692717584369,0.5954775859337874,0.5964883725340226,0.1939229079260956,0.1326330532212885,-0.1326330532212885,1125,308,ok,514,268.2,2026-07-14T14:34:29.463399
health,logistic_regression,50/50,25,vertical,11,0.6082222222222222,0.5093333333333333,0.6043531871548813,0.6082222222222222,0.2208060523449186,0.0726047904191616,-0.0726047904191616,4500,1248,ok,515,268.8,2026-07-14T14:34:29.463399
health,logistic_regression,50/50,25,vertical,22,0.6177777777777778,0.5155555555555555,0.6137416160970935,0.6177777777777778,0.2406382766417684,0.0196861049373674,-0.0196861049373674,4500,1222,ok,516,269.5,2026-07-14T14:34:29.463399
health,logistic_regression,50/50,25,vertical,33,0.6068888888888889,0.5413333333333333,0.6051921901405919,0.6068888888888888,0.2156392447874288,0.0778826022652333,-0.0778826022652333,4500,1252,ok,517,270.1,2026-07-14T14:34:29.463399
health,logistic_regression,50/50,25,vertical,44,0.6251111111111111,0.5408888888888889,0.6224328830495864,0.6251111111111112,0.2538494390496012,0.0615357773651014,-0.0615357773651014,4500,1227,ok,518,270.8,2026-07-14T14:34:29.463399
health,logistic_regression,50/50,25,vertical,55,0.6006666666666667,0.5208888888888888,0.5981088328139206,0.6006666666666667,0.2039460968022781,0.0552205097461792,-0.0552205097461792,4500,1231,ok,519,271.5,2026-07-14T14:34:29.463399
health,logistic_regression,80/20,100,horizontal,11,0.8051111111111111,0.0711111111111111,0.5088348128027779,0.5298611111111111,0.1582465953491444,0.0311386437147086,-0.0311386437147086,4500,493,ok,520,271.9,2026-07-14T14:34:29.463399
health,logistic_regression,80/20,100,horizontal,22,0.8042222222222222,0.0911111111111111,0.5230949208917385,0.5368055555555555,0.1667392322595024,0.0166398282340311,-0.016639828234031,4500,486,ok,521,272.3,2026-07-14T14:34:29.463399
health,logistic_regression,80/20,100,horizontal,33,0.8002222222222222,0.0511111111111111,0.4902933997436536,0.5193055555555556,0.109722086844442,0.0155,-0.0155,4500,500,ok,522,272.7,2026-07-14T14:34:29.463399
health,logistic_regression,80/20,100,horizontal,44,0.8033333333333333,0.0744444444444444,0.5103065560883743,0.53,0.1495765969262005,-0.0159198083846647,0.0159198083846648,4500,491,ok,523,273.2,2026-07-14T14:34:29.463399
health,logistic_regression,80/20,100,horizontal,55,0.7984444444444444,0.0577777777777777,0.4946686709061755,0.5206944444444445,0.1067362628804402,0.0277266434784334,-0.0277266434784334,4500,481,ok,524,273.6,2026-07-14T14:34:29.463399
health,logistic_regression,80/20,100,vertical,11,0.8051111111111111,0.0711111111111111,0.5088348128027779,0.5298611111111111,0.1582465953491444,0.0311386437147086,-0.0311386437147086,4500,493,ok,525,274.2,2026-07-14T14:34:29.463399
health,logistic_regression,80/20,100,vertical,22,0.8042222222222222,0.0911111111111111,0.5230949208917385,0.5368055555555555,0.1667392322595024,0.0166398282340311,-0.016639828234031,4500,486,ok,526,274.6,2026-07-14T14:34:29.463399
health,logistic_regression,80/20,100,vertical,33,0.8002222222222222,0.0511111111111111,0.4902933997436536,0.5193055555555556,0.109722086844442,0.0155,-0.0155,4500,500,ok,527,275.0,2026-07-14T14:34:29.463399
health,logistic_regression,80/20,100,vertical,44,0.8033333333333333,0.0744444444444444,0.5103065560883743,0.53,0.1495765969262005,-0.0159198083846647,0.0159198083846648,4500,491,ok,528,275.5,2026-07-14T14:34:29.463399
health,logistic_regression,80/20,100,vertical,55,0.7984444444444444,0.0577777777777777,0.4946686709061755,0.5206944444444445,0.1067362628804402,0.0277266434784334,-0.0277266434784334,4500,481,ok,529,275.9,2026-07-14T14:34:29.463399
health,logistic_regression,80/20,75,horizontal,11,0.8002962962962963,0.0681481481481481,0.5037353744013627,0.5257407407407407,0.1271342408791553,-0.0012848914488258,0.0012848914488259,3375,370,ok,530,276.4,2026-07-14T14:34:29.463399
health,logistic_regression,80/20,75,horizontal,22,0.8017777777777778,0.0666666666666666,0.5034547869234682,0.5261111111111111,0.1340866476062574,0.022260697501855,-0.0222606975018549,3375,364,ok,531,276.8,2026-07-14T14:34:29.463399
health,logistic_regression,80/20,75,horizontal,33,0.8011851851851852,0.0548148148148148,0.4937943212870706,0.5212962962962963,0.1195454614557049,0.0086666666666666,-0.0086666666666666,3375,375,ok,532,277.3,2026-07-14T14:34:29.463399
health,logistic_regression,80/20,75,horizontal,44,0.7991111111111111,0.0533333333333333,0.4915,0.5194444444444444,0.1055289706022172,0.0261294434216116,-0.0261294434216116,3375,368,ok,533,277.7,2026-07-14T14:34:29.463399
health,logistic_regression,80/20,75,horizontal,55,0.8023703703703704,0.0711111111111111,0.5072055421083821,0.5281481481481481,0.1413098398397042,0.025777652310461,-0.025777652310461,3375,361,ok,534,278.1,2026-07-14T14:34:29.463399
health,logistic_regression,80/20,75,vertical,11,0.8064444444444444,0.0733333333333333,0.5113446705026847,0.5315277777777777,0.1686549205520185,0.0262246388007037,-0.0262246388007036,4500,493,ok,535,278.9,2026-07-14T14:34:29.463399
health,logistic_regression,80/20,75,vertical,22,0.8042222222222222,0.0888888888888888,0.5215030344637304,0.5359722222222222,0.1651835432201741,0.0125246018965825,-0.0125246018965825,4500,486,ok,536,279.6,2026-07-14T14:34:29.463399
health,logistic_regression,80/20,75,vertical,33,0.7993333333333333,0.0477777777777777,0.4871182558764307,0.5175,0.1005488290252954,0.0005,-0.0005,4500,500,ok,537,280.4,2026-07-14T14:34:29.463399
health,logistic_regression,80/20,75,vertical,44,0.8042222222222222,0.08,0.5150087927211561,0.5326388888888889,0.1588889998889611,-0.0057365089956627,0.0057365089956628,4500,491,ok,538,281.1,2026-07-14T14:34:29.463399
health,logistic_regression,80/20,75,vertical,55,0.7986666666666666,0.0533333333333333,0.4912650318268189,0.5191666666666667,0.1030199636589255,0.0238762720862959,-0.023876272086296,4500,481,ok,539,281.8,2026-07-14T14:34:29.463399
health,logistic_regression,80/20,50,horizontal,11,0.7933333333333333,0.0555555555555555,0.4901999001108525,0.5166666666666666,0.0796047267152034,0.0114676611954288,-0.0114676611954288,2250,247,ok,540,282.2,2026-07-14T14:34:29.463399
health,logistic_regression,80/20,50,horizontal,22,0.7982222222222223,0.0688888888888888,0.5030996077332587,0.5247222222222222,0.1172092066051046,-0.0513508677759885,0.0513508677759885,2250,243,ok,541,282.7,2026-07-14T14:34:29.463399
health,logistic_regression,80/20,50,horizontal,33,0.7951111111111111,0.0666666666666666,0.4996524459747648,0.5219444444444444,0.1004244139867763,0.0119999999999999,-0.0119999999999999,2250,250,ok,542,283.1,2026-07-14T14:34:29.463399
health,logistic_regression,80/20,50,horizontal,44,0.7937777777777778,0.0555555555555555,0.4904344193002356,0.5169444444444444,0.0815426410545766,-0.0144350423096067,0.0144350423096067,2250,245,ok,543,283.5,2026-07-14T14:34:29.463399
health,logistic_regression,80/20,50,horizontal,55,0.8022222222222222,0.0644444444444444,0.5019873254841728,0.5255555555555556,0.1348046485266736,0.0226190476190476,-0.0226190476190475,2250,240,ok,544,284.1,2026-07-14T14:34:29.463399
health,logistic_regression,80/20,50,vertical,11,0.8046666666666666,0.0677777777777777,0.5059946928930552,0.5283333333333333,0.1530250407711119,0.0295388510398652,-0.0295388510398652,4500,493,ok,545,284.8,2026-07-14T14:34:29.463399
health,logistic_regression,80/20,50,vertical,22,0.806,0.0922222222222222,0.5250547090792348,0.5383333333333333,0.1772468978402533,0.0052782250849883,-0.0052782250849884,4500,486,ok,546,285.5,2026-07-14T14:34:29.463399
health,logistic_regression,80/20,50,vertical,33,0.8002222222222222,0.0511111111111111,0.4902933997436536,0.5193055555555556,0.109722086844442,-0.0024999999999999,0.0024999999999999,4500,500,ok,547,286.3,2026-07-14T14:34:29.463399
health,logistic_regression,80/20,50,vertical,44,0.8035555555555556,0.0755555555555555,0.5112781954887218,0.5305555555555556,0.1517277462437674,-0.0094015008540028,0.0094015008540028,4500,491,ok,548,287.0,2026-07-14T14:34:29.463399
health,logistic_regression,80/20,50,vertical,55,0.7977777777777778,0.0511111111111111,0.4890189613271581,0.5177777777777778,0.0955547489010323,0.0241839048521626,-0.0241839048521625,4500,481,ok,549,287.7,2026-07-14T14:34:29.463399
health,logistic_regression,80/20,25,horizontal,11,0.7991111111111111,0.1288888888888889,0.5446355651712923,0.5477777777777778,0.1714604058650469,0.0564323290291726,-0.0564323290291727,1125,123,ok,550,288.1,2026-07-14T14:34:29.463399
health,logistic_regression,80/20,25,horizontal,22,0.7982222222222223,0.0844444444444444,0.5145192718977235,0.5305555555555556,0.1320042242027628,0.0483049498647143,-0.0483049498647143,1125,122,ok,551,288.5,2026-07-14T14:34:29.463399
health,logistic_regression,80/20,25,horizontal,33,0.8053333333333333,0.1466666666666666,0.5600642828445158,0.5583333333333333,0.2076867901839243,0.048,-0.048,1125,125,ok,552,288.9,2026-07-14T14:34:29.463399
health,logistic_regression,80/20,25,horizontal,44,0.8044444444444444,0.1066666666666666,0.5340527433468379,0.5427777777777778,0.1784895815279126,-0.0380200860832137,0.0380200860832137,1125,123,ok,553,289.3,2026-07-14T14:34:29.463399
health,logistic_regression,80/20,25,horizontal,55,0.7946666666666666,0.0844444444444444,0.5123280833344279,0.5283333333333333,0.1169232814204308,0.0154761904761904,-0.0154761904761905,1125,120,ok,554,289.7,2026-07-14T14:34:29.463399
health,logistic_regression,80/20,25,vertical,11,0.8055555555555556,0.0644444444444444,0.5039006949674049,0.5276388888888889,0.1570841387197407,0.0324244583879472,-0.0324244583879472,4500,493,ok,555,290.4,2026-07-14T14:34:29.463399
health,logistic_regression,80/20,25,vertical,22,0.8066666666666666,0.0877777777777777,0.5222822680939709,0.5370833333333334,0.1784580750948522,0.0059939166219359,-0.0059939166219359,4500,486,ok,556,291.1,2026-07-14T14:34:29.463399
health,logistic_regression,80/20,25,vertical,33,0.8013333333333333,0.0477777777777777,0.4881418901725278,0.5187499999999999,0.1135135339868777,-0.004,0.004,4500,500,ok,557,291.8,2026-07-14T14:34:29.463399
health,logistic_regression,80/20,25,vertical,44,0.8033333333333333,0.0755555555555555,0.5111432937513863,0.5304166666666666,0.1504298288603827,-0.0138831485068643,0.0138831485068644,4500,491,ok,558,292.5,2026-07-14T14:34:29.463399
health,logistic_regression,80/20,25,vertical,55,0.7995555555555556,0.0477777777777777,0.4872317030527083,0.5176388888888889,0.101909492144437,0.0224125355390271,-0.0224125355390272,4500,481,ok,559,293.2,2026-07-14T14:34:29.463399
health,logistic_regression,90/10,100,horizontal,11,0.8984444444444445,0.0133333333333333,0.486008509289712,0.5050617283950617,0.046837998631037,-0.0020263827082008,0.0020263827082008,4500,242,ok,560,293.6,2026-07-14T14:34:29.463399
health,logistic_regression,90/10,100,horizontal,22,0.8993333333333333,0.0266666666666666,0.4985820831091895,0.5114814814814815,0.0892031853141877,0.0051221981774504,-0.0051221981774504,4500,241,ok,561,294.1,2026-07-14T14:34:29.463399
health,logistic_regression,90/10,100,horizontal,33,0.8984444444444445,0.0111111111111111,0.4839282483347809,0.5040740740740741,0.0398459196660841,-0.0069999999999999,0.007,4500,250,ok,562,294.5,2026-07-14T14:34:29.463399
health,logistic_regression,90/10,100,horizontal,44,0.8997777777777778,0.0377777777777777,0.5085688687640368,0.5166666666666666,0.1138328894991378,-0.0216387939818977,0.0216387939818977,4500,249,ok,563,294.9,2026-07-14T14:34:29.463399
health,logistic_regression,90/10,100,horizontal,55,0.8984444444444445,0.02,0.4921438493594691,0.5080246913580246,0.0647777080385011,0.0198100299430883,-0.0198100299430883,4500,239,ok,564,295.4,2026-07-14T14:34:29.463399
health,logistic_regression,90/10,100,vertical,11,0.8984444444444445,0.0133333333333333,0.486008509289712,0.5050617283950617,0.046837998631037,-0.0020263827082008,0.0020263827082008,4500,242,ok,565,295.8,2026-07-14T14:34:29.463399
health,logistic_regression,90/10,100,vertical,22,0.8993333333333333,0.0266666666666666,0.4985820831091895,0.5114814814814815,0.0892031853141877,0.0051221981774504,-0.0051221981774504,4500,241,ok,566,296.2,2026-07-14T14:34:29.463399
health,logistic_regression,90/10,100,vertical,33,0.8984444444444445,0.0111111111111111,0.4839282483347809,0.5040740740740741,0.0398459196660841,-0.0069999999999999,0.007,4500,250,ok,567,296.7,2026-07-14T14:34:29.463399
health,logistic_regression,90/10,100,vertical,44,0.8997777777777778,0.0377777777777777,0.5085688687640368,0.5166666666666666,0.1138328894991378,-0.0216387939818977,0.0216387939818977,4500,249,ok,568,297.1,2026-07-14T14:34:29.463399
health,logistic_regression,90/10,100,vertical,55,0.8984444444444445,0.02,0.4921438493594691,0.5080246913580246,0.0647777080385011,0.0198100299430883,-0.0198100299430883,4500,239,ok,569,297.5,2026-07-14T14:34:29.463399
health,logistic_regression,90/10,75,horizontal,11,0.898962962962963,0.0118343195266272,0.4848248549989279,0.5047647066846175,0.0501906218180312,0.0219780219780219,-0.021978021978022,3375,182,ok,570,298.0,2026-07-14T14:34:29.463399
health,logistic_regression,90/10,75,horizontal,22,0.898962962962963,0.0355029585798816,0.5061735016788063,0.5152819369784493,0.1029946199455524,0.0306154766513002,-0.0306154766513002,3375,181,ok,571,298.4,2026-07-14T14:34:29.463399
health,logistic_regression,90/10,75,horizontal,33,0.8984004739336493,0.0118343195266272,0.4846033227536117,0.5044359221069608,0.0429962948333993,0.0212765957446808,-0.0212765957446808,3376,188,ok,572,298.9,2026-07-14T14:34:29.463399
health,logistic_regression,90/10,75,horizontal,44,0.9013333333333332,0.0445103857566765,0.5152537372529686,0.5204447912983514,0.1402094432246978,0.0081283422459893,-0.0081283422459892,3375,187,ok,573,299.3,2026-07-14T14:34:29.463399
health,logistic_regression,90/10,75,horizontal,55,0.8998518518518519,0.0207715133531157,0.4934718591036972,0.509069100982022,0.0817500073385143,-0.0085566791598896,0.0085566791598896,3375,179,ok,574,299.8,2026-07-14T14:34:29.463399
health,logistic_regression,90/10,75,vertical,11,0.8986666666666666,0.0133333333333333,0.4860975873634101,0.5051851851851852,0.0492896639296816,-0.0020263827082008,0.0020263827082008,4500,242,ok,575,300.5,2026-07-14T14:34:29.463399
health,logistic_regression,90/10,75,vertical,22,0.8993333333333333,0.0266666666666666,0.4985820831091895,0.5114814814814815,0.0892031853141877,0.0051221981774504,-0.0051221981774504,4500,241,ok,576,301.3,2026-07-14T14:34:29.463399
health,logistic_regression,90/10,75,vertical,33,0.8991111111111111,0.0133333333333333,0.4862760520654066,0.5054320987654322,0.054756871683204,-0.0029999999999999,0.003,4500,250,ok,577,302.0,2026-07-14T14:34:29.463399
health,logistic_regression,90/10,75,vertical,44,0.9002222222222223,0.0377777777777777,0.5088376407579434,0.5169135802469136,0.1189417615684917,-0.0216387939818977,0.0216387939818977,4500,249,ok,578,302.7,2026-07-14T14:34:29.463399
health,logistic_regression,90/10,75,vertical,55,0.8984444444444445,0.0177777777777777,0.4901160869180375,0.5070370370370371,0.0592101465165007,0.0156259295246782,-0.0156259295246782,4500,239,ok,579,303.5,2026-07-14T14:34:29.463399
health,logistic_regression,90/10,50,horizontal,11,0.8973333333333333,0.0177777777777777,0.4896300886015913,0.5064197530864197,0.0489837664553631,0.0151780038143674,-0.0151780038143675,2250,121,ok,580,303.9,2026-07-14T14:34:29.463399
health,logistic_regression,90/10,50,horizontal,22,0.8977777777777778,0.04,0.5092442266258004,0.5165432098765432,0.098680086488181,0.0207406230133502,-0.0207406230133503,2250,121,ok,581,304.3,2026-07-14T14:34:29.463399
health,logistic_regression,90/10,50,horizontal,33,0.9,0.0177777777777777,0.4908022542498524,0.5079012345679013,0.0796463588119331,0.014,-0.014,2250,125,ok,582,304.7,2026-07-14T14:34:29.463399
health,logistic_regression,90/10,50,horizontal,44,0.8995555555555556,0.0311111111111111,0.5026408450704225,0.5135802469135803,0.100128345841216,0.0025550942190993,-0.0025550942190992,2250,124,ok,583,305.2,2026-07-14T14:34:29.463399
health,logistic_regression,90/10,50,horizontal,55,0.8995555555555556,0.0355555555555555,0.5065195703566258,0.5155555555555555,0.1077830508910224,0.0137149199302362,-0.0137149199302362,2250,119,ok,584,305.6,2026-07-14T14:34:29.463399
health,logistic_regression,90/10,50,vertical,11,0.8991111111111111,0.0133333333333333,0.4862760520654066,0.5054320987654322,0.054756871683204,-0.0020263827082008,0.0020263827082008,4500,242,ok,585,306.3,2026-07-14T14:34:29.463399
health,logistic_regression,90/10,50,vertical,22,0.8993333333333333,0.0244444444444444,0.4965889797808304,0.5104938271604939,0.084709310511886,-0.0079612460044868,0.0079612460044868,4500,241,ok,586,307.0,2026-07-14T14:34:29.463399
health,logistic_regression,90/10,50,vertical,33,0.8991111111111111,0.0133333333333333,0.4862760520654066,0.5054320987654322,0.054756871683204,-0.0029999999999999,0.003,4500,250,ok,587,307.8,2026-07-14T14:34:29.463399
health,logistic_regression,90/10,50,vertical,44,0.9,0.0377777777777777,0.5087031120807115,0.5167901234567901,0.1163372612791988,-0.0216387939818977,0.0216387939818977,4500,249,ok,588,308.5,2026-07-14T14:34:29.463399
health,logistic_regression,90/10,50,vertical,55,0.8991111111111111,0.02,0.492449597735873,0.508395061728395,0.0722161402606347,0.0198100299430883,-0.0198100299430883,4500,239,ok,589,309.3,2026-07-14T14:34:29.463399
health,logistic_regression,90/10,25,horizontal,11,0.8968888888888888,0.0357142857142857,0.5049767851181987,0.513908475532365,0.0810746449288308,0.0307692307692307,-0.0307692307692307,1125,60,ok,590,309.7,2026-07-14T14:34:29.463399
health,logistic_regression,90/10,25,horizontal,22,0.8977777777777778,0.0089285714285714,0.4815896714630892,0.5024899520518968,0.0224151010109071,-0.0192307692307692,0.0192307692307692,1125,60,ok,591,310.1,2026-07-14T14:34:29.463399
health,logistic_regression,90/10,25,horizontal,33,0.896,0.0267857142857142,0.4968867178093502,0.5094441898180793,0.057473745299488,0.012258064516129,-0.0122580645161289,1125,62,ok,592,310.5,2026-07-14T14:34:29.463399
health,logistic_regression,90/10,25,horizontal,44,0.8987566607460036,0.0265486725663716,0.4982645403377111,0.5113000026207969,0.0863949626116171,0.0117460317460317,-0.0117460317460317,1126,63,ok,593,310.9,2026-07-14T14:34:29.463399
health,logistic_regression,90/10,25,horizontal,55,0.896,0.0178571428571428,0.4890512365639399,0.5054734875193908,0.0367920943100593,-0.0377358490566037,0.0377358490566037,1125,59,ok,594,311.3,2026-07-14T14:34:29.463399
health,logistic_regression,90/10,25,vertical,11,0.8997777777777778,0.0155555555555555,0.4886331424683939,0.5067901234567902,0.0706829361292071,0.0021058486967577,-0.0021058486967577,4500,242,ok,595,312.0,2026-07-14T14:34:29.463399
health,logistic_regression,90/10,25,vertical,22,0.9,0.0311111111111111,0.5028864499366149,0.5138271604938272,0.1055034969807822,0.0044868867755961,-0.004486886775596,4500,241,ok,596,312.7,2026-07-14T14:34:29.463399
health,logistic_regression,90/10,25,vertical,33,0.8991111111111111,0.0155555555555555,0.4883515453135706,0.5064197530864197,0.0610252981986534,-0.008,0.008,4500,250,ok,597,313.4,2026-07-14T14:34:29.463399
health,logistic_regression,90/10,25,vertical,44,0.8997777777777778,0.04,0.5104720862958476,0.5176543209876543,0.1173006658292706,-0.0266139183600071,0.0266139183600071,4500,249,ok,598,314.1,2026-07-14T14:34:29.463399
health,logistic_regression,90/10,25,vertical,55,0.8991111111111111,0.0177777777777777,0.4904093187997306,0.5074074074074074,0.0668153104781061,0.0156259295246782,-0.0156259295246782,4500,239,ok,599,314.8,2026-07-14T14:34:29.463399
health,logistic_regression,95/5,100,horizontal,11,0.9491111111111112,0.0,0.4869456162353209,0.49953216374269,-0.006842897644552,0.0,0.0,4500,124,ok,600,315.2,2026-07-14T14:34:29.463399
health,logistic_regression,95/5,100,horizontal,22,0.9488888888888888,0.0044444444444444,0.4911944689151774,0.5015204678362573,0.0168170309139981,0.0082644628099173,-0.0082644628099173,4500,121,ok,601,315.7,2026-07-14T14:34:29.463399
health,logistic_regression,95/5,100,horizontal,33,0.9495555555555556,0.0,0.4870625783654394,0.499766081871345,-0.0048375834720891,0.0,0.0,4500,128,ok,602,316.1,2026-07-14T14:34:29.463399
health,logistic_regression,95/5,100,horizontal,44,0.9506666666666668,0.0222222222222222,0.5088920526050843,0.5108771929824562,0.1203064519232174,0.0063421595053115,-0.0063421595053115,4500,119,ok,603,316.5,2026-07-14T14:34:29.463399
health,logistic_regression,95/5,100,horizontal,55,0.95,0.0044444444444444,0.4915818508027483,0.5021052631578947,0.0435382512488023,0.0082644628099173,-0.0082644628099173,4500,121,ok,604,317.0,2026-07-14T14:34:29.463399
health,logistic_regression,95/5,100,vertical,11,0.9491111111111112,0.0,0.4869456162353209,0.49953216374269,-0.006842897644552,0.0,0.0,4500,124,ok,605,317.4,2026-07-14T14:34:29.463399
health,logistic_regression,95/5,100,vertical,22,0.9488888888888888,0.0044444444444444,0.4911944689151774,0.5015204678362573,0.0168170309139981,0.0082644628099173,-0.0082644628099173,4500,121,ok,606,317.8,2026-07-14T14:34:29.463399
health,logistic_regression,95/5,100,vertical,33,0.9495555555555556,0.0,0.4870625783654394,0.499766081871345,-0.0048375834720891,0.0,0.0,4500,128,ok,607,318.3,2026-07-14T14:34:29.463399
health,logistic_regression,95/5,100,vertical,44,0.9506666666666668,0.0222222222222222,0.5088920526050843,0.5108771929824562,0.1203064519232174,0.0063421595053115,-0.0063421595053115,4500,119,ok,608,318.7,2026-07-14T14:34:29.463399
health,logistic_regression,95/5,100,vertical,55,0.95,0.0044444444444444,0.4915818508027483,0.5021052631578947,0.0435382512488023,0.0082644628099173,-0.0082644628099173,4500,121,ok,609,319.1,2026-07-14T14:34:29.463399
health,logistic_regression,95/5,75,horizontal,11,0.949037037037037,0.0059171597633136,0.492669267556003,0.5023347495635033,0.0264786267218634,0.010752688172043,-0.010752688172043,3375,93,ok,610,319.6,2026-07-14T14:34:29.463399
health,logistic_regression,95/5,75,horizontal,22,0.9499407582938388,0.0118343195266272,0.4987167963927965,0.5056053418649662,0.0710642462941423,-0.0018315018315018,0.0018315018315018,3376,91,ok,611,320.0,2026-07-14T14:34:29.463399
health,logistic_regression,95/5,75,horizontal,33,0.9496296296296296,0.0059171597633136,0.4928920927404244,0.50264666472258,0.0387391087880898,0.0104166666666666,-0.0104166666666666,3375,96,ok,612,320.5,2026-07-14T14:34:29.463399
health,logistic_regression,95/5,75,horizontal,44,0.949925925925926,0.0118343195266272,0.4987128906919454,0.5056052446042368,0.0710624709250551,0.0224719101123595,-0.0224719101123596,3375,89,ok,613,320.9,2026-07-14T14:34:29.463399
health,logistic_regression,95/5,75,horizontal,55,0.949925925925926,0.0118343195266272,0.4987128906919454,0.5056052446042368,0.0710624709250551,0.0219780219780219,-0.021978021978022,3375,91,ok,614,321.4,2026-07-14T14:34:29.463399
health,logistic_regression,95/5,75,vertical,11,0.9493333333333334,0.0044444444444444,0.4913489663378116,0.5017543859649123,0.0229543293365472,0.0080645161290322,-0.0080645161290322,4500,124,ok,615,322.1,2026-07-14T14:34:29.463399
health,logistic_regression,95/5,75,vertical,22,0.9493333333333334,0.0133333333333333,0.4998157215816353,0.5059649122807017,0.0581969994118719,0.00691354100445,-0.00691354100445,4500,121,ok,616,322.8,2026-07-14T14:34:29.463399
health,logistic_regression,95/5,75,vertical,33,0.9497777777777778,0.0,0.4871210394346934,0.4998830409356725,-0.0034203078956098,0.0,0.0,4500,128,ok,617,323.6,2026-07-14T14:34:29.463399
health,logistic_regression,95/5,75,vertical,44,0.9506666666666668,0.0222222222222222,0.5088920526050843,0.5108771929824562,0.1203064519232174,0.0063421595053115,-0.0063421595053115,4500,119,ok,618,324.3,2026-07-14T14:34:29.463399
health,logistic_regression,95/5,75,vertical,55,0.95,0.0044444444444444,0.4915818508027483,0.5021052631578947,0.0435382512488023,0.0082644628099173,-0.0082644628099173,4500,121,ok,619,325.1,2026-07-14T14:34:29.463399
health,logistic_regression,95/5,50,horizontal,11,0.9488888888888888,0.0,0.4868871151653364,0.4992984097287184,-0.008363041502989,0.0,0.0,2250,62,ok,620,325.5,2026-07-14T14:34:29.463399
health,logistic_regression,95/5,50,horizontal,22,0.9506666666666668,0.0267857142857142,0.5129784657505396,0.512925130295336,0.1193945800742837,0.0141025641025641,-0.014102564102564,2250,60,ok,621,325.9,2026-07-14T14:34:29.463399
health,logistic_regression,95/5,50,horizontal,33,0.948467347845402,0.0176991150442477,0.503430701354024,0.5076802404033213,0.060240342980638,-0.0047831632653061,0.0047831632653061,2251,64,ok,622,326.4,2026-07-14T14:34:29.463399
health,logistic_regression,95/5,50,horizontal,44,0.948,0.0089285714285714,0.4950502456175348,0.5030611051717225,0.0239087819774562,-0.0188679245283018,0.0188679245283018,2250,59,ok,623,326.8,2026-07-14T14:34:29.463399
health,logistic_regression,95/5,50,horizontal,55,0.9502222222222222,0.0,0.4872379216043755,0.5,0.0,0.0,0.0,2250,60,ok,624,327.2,2026-07-14T14:34:29.463399
health,logistic_regression,95/5,50,vertical,11,0.9495555555555556,0.0044444444444444,0.4914264405476762,0.5018713450292398,0.027371590578208,0.0080645161290322,-0.0080645161290322,4500,124,ok,625,328.1,2026-07-14T14:34:29.463399
health,logistic_regression,95/5,50,vertical,22,0.9493333333333334,0.0088888888888888,0.4956188648376541,0.503859649122807,0.0426893861663029,-0.0192307692307692,0.0192307692307692,4500,121,ok,626,328.8,2026-07-14T14:34:29.463399
health,logistic_regression,95/5,50,vertical,33,0.9497777777777778,0.0,0.4871210394346934,0.4998830409356725,-0.0034203078956098,0.0,0.0,4500,128,ok,627,329.6,2026-07-14T14:34:29.463399
health,logistic_regression,95/5,50,vertical,44,0.9506666666666668,0.0222222222222222,0.5088920526050843,0.5108771929824562,0.1203064519232174,0.0063421595053115,-0.0063421595053115,4500,119,ok,628,330.3,2026-07-14T14:34:29.463399
health,logistic_regression,95/5,50,vertical,55,0.9495555555555556,0.0,0.4870625783654394,0.499766081871345,-0.0048375834720891,0.0,0.0,4500,121,ok,629,331.0,2026-07-14T14:34:29.463399
health,logistic_regression,95/5,25,horizontal,11,0.9484444444444444,0.0,0.4867700729927007,0.4990645463049579,-0.009658958066033,0.0,0.0,1125,31,ok,630,331.4,2026-07-14T14:34:29.463399
health,logistic_regression,95/5,25,horizontal,22,0.9457777777777778,0.0178571428571428,0.5019269710627735,0.5061222103434452,0.0338650083286455,0.0333333333333333,-0.0333333333333333,1125,30,ok,631,331.8,2026-07-14T14:34:29.463399
health,logistic_regression,95/5,25,horizontal,33,0.9475555555555556,0.0178571428571428,0.5029169693474825,0.5070576640384873,0.0461508632968384,-0.0416666666666666,0.0416666666666666,1125,32,ok,632,332.2,2026-07-14T14:34:29.463399
health,logistic_regression,95/5,25,horizontal,44,0.9502222222222222,0.0357142857142857,0.5205479452054794,0.5169216891621008,0.1236584427203763,0.0666666666666666,-0.0666666666666666,1125,30,ok,633,332.6,2026-07-14T14:34:29.463399
health,logistic_regression,95/5,25,horizontal,55,0.9484444444444444,0.0178571428571428,0.5034246575342466,0.5075253908860082,0.054993216629348,0.0333333333333333,-0.0333333333333333,1125,30,ok,634,333.0,2026-07-14T14:34:29.463399
health,logistic_regression,95/5,25,vertical,11,0.95,0.0088888888888888,0.4959072648600315,0.5042105263157894,0.061586078800968,-0.0018364739699776,0.0018364739699776,4500,124,ok,635,333.7,2026-07-14T14:34:29.463399
health,logistic_regression,95/5,25,vertical,22,0.9493333333333334,0.0044444444444444,0.4913489663378116,0.5017543859649123,0.0229543293365472,-0.0096153846153846,0.0096153846153845,4500,121,ok,636,334.4,2026-07-14T14:34:29.463399
health,logistic_regression,95/5,25,vertical,33,0.9497777777777778,0.0,0.4871210394346934,0.4998830409356725,-0.0034203078956098,0.0,0.0,4500,128,ok,637,335.1,2026-07-14T14:34:29.463399
health,logistic_regression,95/5,25,vertical,44,0.9506666666666668,0.0222222222222222,0.5088920526050843,0.5108771929824562,0.1203064519232174,0.0063421595053115,-0.0063421595053115,4500,119,ok,638,335.8,2026-07-14T14:34:29.463399
health,logistic_regression,95/5,25,vertical,55,0.9495555555555556,0.0,0.4870625783654394,0.499766081871345,-0.0048375834720891,0.0,0.0,4500,121,ok,639,336.5,2026-07-14T14:34:29.463399
health,random_forest,50/50,100,horizontal,11,0.6193333333333333,0.5813333333333334,0.6187828557770754,0.6193333333333333,0.2393589363599717,0.0422760248733302,-0.0422760248733302,4500,1248,ok,640,337.2,2026-07-14T14:34:29.463399
health,random_forest,50/50,100,horizontal,22,0.6233333333333333,0.5902222222222222,0.6229199232205145,0.6233333333333333,0.2472093159823612,0.0138781865539047,-0.0138781865539047,4500,1222,ok,641,337.9,2026-07-14T14:34:29.463399
health,random_forest,50/50,100,horizontal,33,0.6177777777777778,0.596,0.6175964146156034,0.6177777777777778,0.235779308587833,0.0500745900747181,-0.0500745900747181,4500,1252,ok,642,338.5,2026-07-14T14:34:29.463399
health,random_forest,50/50,100,horizontal,44,0.6193333333333333,0.5817777777777777,0.6187956752237069,0.6193333333333333,0.2393427691424345,0.0002844120676757,-0.0002844120676757,4500,1227,ok,643,339.2,2026-07-14T14:34:29.463399
health,random_forest,50/50,100,horizontal,55,0.6082222222222222,0.5897777777777777,0.6080888950319938,0.6082222222222222,0.2165918626465811,0.0448130524103765,-0.0448130524103765,4500,1231,ok,644,340.1,2026-07-14T14:34:29.463399
health,random_forest,50/50,100,vertical,11,0.6193333333333333,0.5813333333333334,0.6187828557770754,0.6193333333333333,0.2393589363599717,0.0422760248733302,-0.0422760248733302,4500,1248,ok,645,340.8,2026-07-14T14:34:29.463399
health,random_forest,50/50,100,vertical,22,0.6233333333333333,0.5902222222222222,0.6229199232205145,0.6233333333333333,0.2472093159823612,0.0138781865539047,-0.0138781865539047,4500,1222,ok,646,341.5,2026-07-14T14:34:29.463399
health,random_forest,50/50,100,vertical,33,0.6177777777777778,0.596,0.6175964146156034,0.6177777777777778,0.235779308587833,0.0500745900747181,-0.0500745900747181,4500,1252,ok,647,342.2,2026-07-14T14:34:29.463399
health,random_forest,50/50,100,vertical,44,0.6193333333333333,0.5817777777777777,0.6187956752237069,0.6193333333333333,0.2393427691424345,0.0002844120676757,-0.0002844120676757,4500,1227,ok,648,342.8,2026-07-14T14:34:29.463399
health,random_forest,50/50,100,vertical,55,0.6082222222222222,0.5897777777777777,0.6080888950319938,0.6082222222222222,0.2165918626465811,0.0448130524103765,-0.0448130524103765,4500,1231,ok,649,343.5,2026-07-14T14:34:29.463399
health,random_forest,50/50,75,horizontal,11,0.6190758293838863,0.6113744075829384,0.6190532347082928,0.6190758293838863,0.2381799142492011,0.0569649027095835,-0.0569649027095835,3376,936,ok,650,344.2,2026-07-14T14:34:29.463399
health,random_forest,50/50,75,horizontal,22,0.6272592592592593,0.5957320687611144,0.6268842313362585,0.6272499206364814,0.2550081871835906,-0.0303142292378185,0.0303142292378185,3375,916,ok,651,344.9,2026-07-14T14:34:29.463399
health,random_forest,50/50,75,horizontal,33,0.6190758293838863,0.6024881516587678,0.6189709888505068,0.6190758293838863,0.2382828224061873,0.000632721512958,-0.000632721512958,3376,939,ok,652,345.5,2026-07-14T14:34:29.463399
health,random_forest,50/50,75,horizontal,44,0.6279620853080569,0.5983412322274881,0.6276353744708175,0.6279620853080569,0.2563744493233539,0.0093855242091316,-0.0093855242091316,3376,921,ok,653,346.2,2026-07-14T14:34:29.463399
health,random_forest,50/50,75,horizontal,55,0.6137440758293838,0.5722748815165877,0.6130786895435452,0.613744075829384,0.2282746315611547,-0.0005013489686231,0.0005013489686231,3376,923,ok,654,346.8,2026-07-14T14:34:29.463399
health,random_forest,50/50,75,vertical,11,0.6242222222222222,0.596,0.6239226789574768,0.6242222222222222,0.248841161577552,0.0597219023491478,-0.0597219023491478,4500,1248,ok,655,347.8,2026-07-14T14:34:29.463399
health,random_forest,50/50,75,vertical,22,0.6253333333333333,0.5915555555555555,0.6249053735185073,0.6253333333333333,0.2512406223463523,0.0073777121132034,-0.0073777121132034,4500,1222,ok,656,348.7,2026-07-14T14:34:29.463399
health,random_forest,50/50,75,vertical,33,0.6248888888888889,0.6,0.624656379734686,0.6248888888888888,0.2500878071271816,0.0374551018970849,-0.0374551018970849,4500,1252,ok,657,349.6,2026-07-14T14:34:29.463399
health,random_forest,50/50,75,vertical,44,0.6231111111111111,0.588,0.6226459127192654,0.6231111111111112,0.2468315573449886,0.0116943550179609,-0.0116943550179609,4500,1227,ok,658,350.5,2026-07-14T14:34:29.463399
health,random_forest,50/50,75,vertical,55,0.614,0.5964444444444444,0.6138809990772959,0.614,0.2281406681481716,0.0354738442381111,-0.0354738442381111,4500,1231,ok,659,351.7,2026-07-14T14:34:29.463399
health,random_forest,50/50,50,horizontal,11,0.6088888888888889,0.5982222222222222,0.6088443840721434,0.6088888888888888,0.2178273512427055,0.060129740518962,-0.060129740518962,2250,624,ok,660,352.3,2026-07-14T14:34:29.463399
health,random_forest,50/50,50,horizontal,22,0.628,0.6035555555555555,0.6277775856190613,0.628,0.2563064853153345,-0.0063492265661319,0.0063492265661319,2250,611,ok,661,352.9,2026-07-14T14:34:29.463399
health,random_forest,50/50,50,horizontal,33,0.6168888888888889,0.5946666666666667,0.616699604743083,0.6168888888888888,0.2340090120358679,-0.0225498921165013,0.0225498921165013,2250,626,ok,662,353.6,2026-07-14T14:34:29.463399
health,random_forest,50/50,50,horizontal,44,0.6271111111111111,0.5982222222222222,0.626799650078337,0.6271111111111112,0.2546476189993891,0.0404676029771614,-0.0404676029771614,2250,613,ok,663,354.2,2026-07-14T14:34:29.463399
health,random_forest,50/50,50,horizontal,55,0.6128888888888889,0.5715555555555556,0.6122263992349597,0.6128888888888889,0.2265532119879202,0.0607155614523001,-0.0607155614523001,2250,616,ok,664,354.8,2026-07-14T14:34:29.463399
health,random_forest,50/50,50,vertical,11,0.6231111111111111,0.5924444444444444,0.6227563344015972,0.6231111111111112,0.2466866495801138,0.0389173575925073,-0.0389173575925073,4500,1248,ok,665,355.7,2026-07-14T14:34:29.463399
health,random_forest,50/50,50,vertical,22,0.6257777777777778,0.5875555555555556,0.625230262324969,0.6257777777777778,0.2522938070324584,0.0232969489323492,-0.0232969489323492,4500,1222,ok,666,356.6,2026-07-14T14:34:29.463399
health,random_forest,50/50,50,vertical,33,0.6188888888888889,0.5888888888888889,0.6185455799108086,0.6188888888888888,0.2382069368555337,0.0426972155172965,-0.0426972155172965,4500,1252,ok,667,357.5,2026-07-14T14:34:29.463399
health,random_forest,50/50,50,vertical,44,0.6253333333333333,0.5897777777777777,0.6248590811099464,0.6253333333333333,0.2513028648888193,0.0257094169074608,-0.0257094169074608,4500,1227,ok,668,358.4,2026-07-14T14:34:29.463399
health,random_forest,50/50,50,vertical,55,0.6091111111111112,0.5911111111111111,0.6089844220638598,0.6091111111111112,0.2183637678194112,0.0436626915574035,-0.0436626915574035,4500,1231,ok,669,359.3,2026-07-14T14:34:29.463399
health,random_forest,50/50,25,horizontal,11,0.6248888888888889,0.5985790408525755,0.6246394641298435,0.6249122962269995,0.2501687652002901,0.0592629482071712,-0.0592629482071712,1125,312,ok,670,359.9,2026-07-14T14:34:29.463399
health,random_forest,50/50,25,horizontal,22,0.6195555555555555,0.6227758007117438,0.6195528501536011,0.6195584154535628,0.2391213654032984,0.0003827262869171,-0.0003827262869171,1125,305,ok,671,360.5,2026-07-14T14:34:29.463399
health,random_forest,50/50,25,horizontal,33,0.5955555555555555,0.566607460035524,0.5952280600758659,0.5955813100889364,0.1914824220054714,0.0046900958466453,-0.0046900958466453,1125,313,ok,672,361.1,2026-07-14T14:34:29.463399
health,random_forest,50/50,25,horizontal,44,0.6142222222222222,0.6103202846975089,0.6142146017699115,0.6142187569135857,0.2284447339286877,0.0476080986140383,-0.0476080986140383,1125,307,ok,673,361.7,2026-07-14T14:34:29.463399
health,random_forest,50/50,25,horizontal,55,0.6035555555555555,0.5808170515097691,0.6033596837944664,0.6035757855413615,0.2073646775592519,0.0724598930481283,-0.0724598930481283,1125,308,ok,674,362.3,2026-07-14T14:34:29.463399
health,random_forest,50/50,25,vertical,11,0.6031111111111112,0.5795555555555556,0.6028907694165513,0.6031111111111112,0.2064514545269645,0.0570637571011821,-0.0570637571011821,4500,1248,ok,675,363.2,2026-07-14T14:34:29.463399
health,random_forest,50/50,25,vertical,22,0.6093333333333333,0.5808888888888889,0.6090169942930617,0.6093333333333333,0.2190213683129989,0.0271418291121908,-0.0271418291121908,4500,1222,ok,676,364.1,2026-07-14T14:34:29.463399
health,random_forest,50/50,25,vertical,33,0.6128888888888889,0.6013333333333334,0.6128371907043786,0.6128888888888889,0.2258380985464732,0.0434527201367591,-0.0434527201367591,4500,1252,ok,677,365.2,2026-07-14T14:34:29.463399
health,random_forest,50/50,25,vertical,44,0.6137777777777778,0.588,0.6135209648445901,0.6137777777777778,0.2278585782837365,0.0170718941126701,-0.0170718941126701,4500,1227,ok,678,366.1,2026-07-14T14:34:29.463399
health,random_forest,50/50,25,vertical,55,0.6068888888888889,0.5946666666666667,0.6068301561097398,0.6068888888888888,0.2138416758251465,0.0304307515451746,-0.0304307515451746,4500,1231,ok,679,367.0,2026-07-14T14:34:29.463399
health,random_forest,80/20,100,horizontal,11,0.8024444444444444,0.0288888888888888,0.4724744541419359,0.5123611111111112,0.1040757014061887,0.0213405365535182,-0.0213405365535183,4500,493,ok,680,367.6,2026-07-14T14:34:29.463399
health,random_forest,80/20,100,horizontal,22,0.806,0.0633333333333333,0.5032767800955666,0.5275,0.1597749184537872,0.0188763642869923,-0.0188763642869922,4500,486,ok,681,368.3,2026-07-14T14:34:29.463399
health,random_forest,80/20,100,horizontal,33,0.8011111111111111,0.0277777777777777,0.4708994708994709,0.5111111111111111,0.0893366946897077,0.0095,-0.0095,4500,500,ok,682,369.0,2026-07-14T14:34:29.463399
health,random_forest,80/20,100,horizontal,44,0.8011111111111111,0.0344444444444444,0.4767544510949571,0.5136111111111111,0.0973689519847616,0.0048750367246127,-0.0048750367246127,4500,491,ok,683,369.6,2026-07-14T14:34:29.463399
health,random_forest,80/20,100,horizontal,55,0.8004444444444444,0.0311111111111111,0.473545978547878,0.5119444444444444,0.0877580261387159,0.0046244151256084,-0.0046244151256084,4500,481,ok,684,370.3,2026-07-14T14:34:29.463399
health,random_forest,80/20,100,vertical,11,0.8024444444444444,0.0288888888888888,0.4724744541419359,0.5123611111111112,0.1040757014061887,0.0213405365535182,-0.0213405365535183,4500,493,ok,685,370.9,2026-07-14T14:34:29.463399
health,random_forest,80/20,100,vertical,22,0.806,0.0633333333333333,0.5032767800955666,0.5275,0.1597749184537872,0.0188763642869923,-0.0188763642869922,4500,486,ok,686,371.6,2026-07-14T14:34:29.463399
health,random_forest,80/20,100,vertical,33,0.8011111111111111,0.0277777777777777,0.4708994708994709,0.5111111111111111,0.0893366946897077,0.0095,-0.0095,4500,500,ok,687,372.2,2026-07-14T14:34:29.463399
health,random_forest,80/20,100,vertical,44,0.8011111111111111,0.0344444444444444,0.4767544510949571,0.5136111111111111,0.0973689519847616,0.0048750367246127,-0.0048750367246127,4500,491,ok,688,372.9,2026-07-14T14:34:29.463399
health,random_forest,80/20,100,vertical,55,0.8004444444444444,0.0311111111111111,0.473545978547878,0.5119444444444444,0.0877580261387159,0.0046244151256084,-0.0046244151256084,4500,481,ok,689,373.5,2026-07-14T14:34:29.463399
health,random_forest,80/20,75,horizontal,11,0.8005925925925926,0.0281481481481481,0.4710017795720224,0.510925925925926,0.0850868715761631,0.0094816127603012,-0.0094816127603012,3375,370,ok,690,374.2,2026-07-14T14:34:29.463399
health,random_forest,80/20,75,horizontal,22,0.8017777777777778,0.0281481481481481,0.471520814642633,0.5116666666666667,0.0963091115088136,0.0164216812126779,-0.0164216812126779,3375,364,ok,691,374.8,2026-07-14T14:34:29.463399
health,random_forest,80/20,75,horizontal,33,0.7991111111111111,0.0222222222222222,0.4650791914227526,0.5077777777777778,0.0632352299268435,0.016,-0.016,3375,375,ok,692,375.5,2026-07-14T14:34:29.463399
health,random_forest,80/20,75,horizontal,44,0.8035555555555556,0.04,0.4827091165951284,0.5172222222222222,0.1242826917792274,-0.0043017986120946,0.0043017986120945,3375,368,ok,693,376.3,2026-07-14T14:34:29.463399
health,random_forest,80/20,75,horizontal,55,0.8011851851851852,0.0251851851851851,0.4686130616123752,0.5101851851851852,0.086810849365236,0.0113626338726467,-0.0113626338726467,3375,361,ok,694,376.9,2026-07-14T14:34:29.463399
health,random_forest,80/20,75,vertical,11,0.8002222222222222,0.03,0.4724722580130296,0.5113888888888889,0.084452470232511,0.0233689341194412,-0.0233689341194412,4500,493,ok,695,377.9,2026-07-14T14:34:29.463399
health,random_forest,80/20,75,vertical,22,0.8008888888888889,0.0622222222222222,0.4994994994994994,0.5238888888888888,0.1248692225557812,-0.0144927536231884,0.0144927536231883,4500,486,ok,696,378.9,2026-07-14T14:34:29.463399
health,random_forest,80/20,75,vertical,33,0.8011111111111111,0.0288888888888888,0.4718857683999785,0.5115277777777778,0.0907136872619186,0.0024999999999999,-0.0025,4500,500,ok,697,379.8,2026-07-14T14:34:29.463399
health,random_forest,80/20,75,vertical,44,0.798,0.0533333333333333,0.490913164011089,0.5187499999999999,0.0993641412657418,0.0081267210771889,-0.0081267210771889,4500,491,ok,698,380.7,2026-07-14T14:34:29.463399
health,random_forest,80/20,75,vertical,55,0.7993333333333333,0.0366666666666666,0.4778360786935146,0.5133333333333333,0.0868092126010998,0.0194850624444896,-0.0194850624444896,4500,481,ok,699,381.7,2026-07-14T14:34:29.463399
health,random_forest,80/20,50,horizontal,11,0.7995555555555556,0.0333333333333333,0.4750765464873452,0.5122222222222222,0.0838809195477491,0.0068805967172573,-0.0068805967172573,2250,247,ok,700,382.3,2026-07-14T14:34:29.463399
health,random_forest,80/20,50,horizontal,22,0.8031111111111111,0.0444444444444444,0.4862672152667931,0.5186111111111111,0.1238525607907361,-0.0339953480050098,0.0339953480050099,2250,243,ok,701,383.0,2026-07-14T14:34:29.463399
health,random_forest,80/20,50,horizontal,33,0.7986666666666666,0.0333333333333333,0.4746705384105131,0.5116666666666667,0.0776389187046405,0.0059999999999999,-0.006,2250,250,ok,702,383.6,2026-07-14T14:34:29.463399
health,random_forest,80/20,50,horizontal,44,0.8031111111111111,0.0466666666666666,0.4881308495204837,0.5194444444444445,0.1257034383054253,-0.0038825286212045,0.0038825286212046,2250,245,ok,703,384.2,2026-07-14T14:34:29.463399
health,random_forest,80/20,50,horizontal,55,0.8017777777777778,0.0266666666666666,0.4701969273005649,0.5111111111111111,0.0947027447620756,0.0142857142857142,-0.0142857142857142,2250,240,ok,704,384.8,2026-07-14T14:34:29.463399
health,random_forest,80/20,50,vertical,11,0.8013333333333333,0.0377777777777777,0.4797321868732667,0.515,0.1029447648995102,0.0196261169892001,-0.0196261169892002,4500,493,ok,705,385.8,2026-07-14T14:34:29.463399
health,random_forest,80/20,50,vertical,22,0.8057777777777778,0.0811111111111111,0.5168067226890756,0.5340277777777778,0.1689695355896501,0.016013598139202,-0.016013598139202,4500,486,ok,706,386.8,2026-07-14T14:34:29.463399
health,random_forest,80/20,50,vertical,33,0.802,0.0466666666666666,0.4875629043853343,0.51875,0.1171700198827414,0.003,-0.003,4500,500,ok,707,387.9,2026-07-14T14:34:29.463399
health,random_forest,80/20,50,vertical,44,0.7988888888888889,0.0544444444444444,0.4922697207863716,0.5197222222222222,0.1055021969972979,-0.0032815620035952,0.0032815620035953,4500,491,ok,708,388.8,2026-07-14T14:34:29.463399
health,random_forest,80/20,50,vertical,55,0.8011111111111111,0.0444444444444444,0.4852624011502516,0.5173611111111112,0.1084907591506865,0.0251068031497625,-0.0251068031497626,4500,481,ok,709,389.8,2026-07-14T14:34:29.463399
health,random_forest,80/20,25,horizontal,11,0.7964444444444444,0.0355555555555555,0.4755458293042903,0.5111111111111111,0.0672672793996312,0.0471066475370636,-0.0471066475370636,1125,123,ok,710,390.4,2026-07-14T14:34:29.463399
health,random_forest,80/20,25,horizontal,22,0.7982222222222223,0.0266666666666666,0.4686650202130957,0.508888888888889,0.0641459054344399,-0.0045360496578067,0.0045360496578067,1125,122,ok,711,391.2,2026-07-14T14:34:29.463399
health,random_forest,80/20,25,horizontal,33,0.8,0.0444444444444444,0.4847066008448267,0.5166666666666667,0.1009009190994468,0.008,-0.008,1125,125,ok,712,391.8,2026-07-14T14:34:29.463399
health,random_forest,80/20,25,horizontal,44,0.8008888888888889,0.0222222222222222,0.4658119658119657,0.5088888888888888,0.0798245786785666,-0.0131516021042563,0.0131516021042563,1125,123,ok,713,392.4,2026-07-14T14:34:29.463399
health,random_forest,80/20,25,horizontal,55,0.7964444444444444,0.0133333333333333,0.4559421361068581,0.5027777777777778,0.0236756861905189,-0.0107142857142857,0.0107142857142857,1125,120,ok,714,393.0,2026-07-14T14:34:29.463399
health,random_forest,80/20,25,vertical,11,0.7988888888888889,0.0533333333333333,0.4913824767556484,0.5193055555555556,0.1042670620940419,0.0345674828433449,-0.0345674828433449,4500,493,ok,715,393.9,2026-07-14T14:34:29.463399
health,random_forest,80/20,25,vertical,22,0.8037777777777778,0.0888888888888888,0.5212160858381779,0.5356944444444445,0.1627951000477571,0.0125246018965825,-0.0125246018965825,4500,486,ok,716,394.9,2026-07-14T14:34:29.463399
health,random_forest,80/20,25,vertical,33,0.7977777777777778,0.0533333333333333,0.4907960294276373,0.5186111111111111,0.0981729505574688,0.0105,-0.0105,4500,500,ok,717,395.8,2026-07-14T14:34:29.463399
health,random_forest,80/20,25,vertical,44,0.7955555555555556,0.0777777777777777,0.5081032270329358,0.5263888888888889,0.1140036481751133,0.0081167618601825,-0.0081167618601825,4500,491,ok,718,396.7,2026-07-14T14:34:29.463399
health,random_forest,80/20,25,vertical,55,0.7957777777777778,0.0633333333333333,0.4975036789583751,0.5211111111111111,0.0997231930615329,0.0157934692540897,-0.0157934692540897,4500,481,ok,719,397.7,2026-07-14T14:34:29.463399
health,random_forest,90/10,100,horizontal,11,0.9,0.0,0.4736842105263157,0.5,0.0,0.0,0.0,4500,242,ok,720,398.3,2026-07-14T14:34:29.463399
health,random_forest,90/10,100,horizontal,22,0.8995555555555556,0.0,0.4735610669162377,0.4997530864197531,-0.007028845828593,0.0,0.0,4500,241,ok,721,399.0,2026-07-14T14:34:29.463399
health,random_forest,90/10,100,horizontal,33,0.9,0.0,0.4736842105263157,0.5,0.0,0.0,0.0,4500,250,ok,722,399.6,2026-07-14T14:34:29.463399
health,random_forest,90/10,100,horizontal,44,0.9004444444444445,0.0133333333333333,0.4868139700641482,0.5061728395061729,0.0786548630305014,0.0061140082718935,-0.0061140082718935,4500,249,ok,723,400.2,2026-07-14T14:34:29.463399
health,random_forest,90/10,100,horizontal,55,0.8997777777777778,0.0,0.4736226459234998,0.4998765432098765,-0.0049695921575858,0.0,0.0,4500,239,ok,724,400.9,2026-07-14T14:34:29.463399
health,random_forest,90/10,100,vertical,11,0.9,0.0,0.4736842105263157,0.5,0.0,0.0,0.0,4500,242,ok,725,401.6,2026-07-14T14:34:29.463399
health,random_forest,90/10,100,vertical,22,0.8995555555555556,0.0,0.4735610669162377,0.4997530864197531,-0.007028845828593,0.0,0.0,4500,241,ok,726,402.4,2026-07-14T14:34:29.463399
health,random_forest,90/10,100,vertical,33,0.9,0.0,0.4736842105263157,0.5,0.0,0.0,0.0,4500,250,ok,727,403.0,2026-07-14T14:34:29.463399
health,random_forest,90/10,100,vertical,44,0.9004444444444445,0.0133333333333333,0.4868139700641482,0.5061728395061729,0.0786548630305014,0.0061140082718935,-0.0061140082718935,4500,249,ok,728,403.7,2026-07-14T14:34:29.463399
health,random_forest,90/10,100,vertical,55,0.8997777777777778,0.0,0.4736226459234998,0.4998765432098765,-0.0049695921575858,0.0,0.0,4500,239,ok,729,404.3,2026-07-14T14:34:29.463399
health,random_forest,90/10,75,horizontal,11,0.8998518518518519,0.0,0.4736431690580162,0.5,0.0,0.0,0.0,3375,182,ok,730,405.0,2026-07-14T14:34:29.463399
health,random_forest,90/10,75,horizontal,22,0.9010370370370372,0.0118343195266272,0.4856347328996649,0.5059171597633136,0.1032558497805473,-0.0016891297462786,0.0016891297462786,3375,181,ok,731,405.8,2026-07-14T14:34:29.463399
health,random_forest,90/10,75,horizontal,33,0.8992890995260664,0.0,0.4734872114784778,0.499670836076366,-0.0081209516361175,0.0,0.0,3376,188,ok,732,406.5,2026-07-14T14:34:29.463399
health,random_forest,90/10,75,horizontal,44,0.9007407407407408,0.0089020771513353,0.4826625314749374,0.5042864566138506,0.074701253813006,0.0040285204991087,-0.0040285204991087,3375,187,ok,733,407.3,2026-07-14T14:34:29.463399
health,random_forest,90/10,75,horizontal,55,0.9007407407407408,0.0089020771513353,0.4826625314749374,0.5042864566138506,0.074701253813006,-0.0070716356693303,0.0070716356693302,3375,179,ok,734,408.0,2026-07-14T14:34:29.463399
health,random_forest,90/10,75,vertical,11,0.8995555555555556,0.0,0.4735610669162377,0.4997530864197531,-0.007028845828593,0.0,0.0,4500,242,ok,735,408.9,2026-07-14T14:34:29.463399
health,random_forest,90/10,75,vertical,22,0.9,0.0022222222222222,0.4758904427263428,0.5009876543209877,0.0281153833143723,0.0041493775933609,-0.0041493775933609,4500,241,ok,736,409.9,2026-07-14T14:34:29.463399
health,random_forest,90/10,75,vertical,33,0.8997777777777778,0.0,0.4736226459234998,0.4998765432098765,-0.0049695921575858,0.0,0.0,4500,250,ok,737,410.8,2026-07-14T14:34:29.463399
health,random_forest,90/10,75,vertical,44,0.9013333333333332,0.0177777777777777,0.4913959881885755,0.508641975308642,0.110116808242702,0.0051549481508122,-0.0051549481508121,4500,249,ok,738,411.8,2026-07-14T14:34:29.463399
health,random_forest,90/10,75,vertical,55,0.8995555555555556,0.0,0.4735610669162377,0.4997530864197531,-0.007028845828593,0.0,0.0,4500,239,ok,739,412.7,2026-07-14T14:34:29.463399
health,random_forest,90/10,50,horizontal,11,0.9,0.0,0.4736842105263157,0.5,0.0,0.0,0.0,2250,121,ok,740,413.3,2026-07-14T14:34:29.463399
health,random_forest,90/10,50,horizontal,22,0.9,0.0,0.4736842105263157,0.5,0.0,0.0,0.0,2250,121,ok,741,414.0,2026-07-14T14:34:29.463399
health,random_forest,90/10,50,horizontal,33,0.9,0.0,0.4736842105263157,0.5,0.0,0.0,0.0,2250,125,ok,742,414.6,2026-07-14T14:34:29.463399
health,random_forest,90/10,50,horizontal,44,0.8995555555555556,0.0044444444444444,0.4779346540508575,0.5017283950617284,0.0284193814816282,0.0080645161290322,-0.0080645161290322,2250,124,ok,743,415.4,2026-07-14T14:34:29.463399
health,random_forest,90/10,50,horizontal,55,0.9,0.0,0.4736842105263157,0.5,0.0,0.0,0.0,2250,119,ok,744,416.0,2026-07-14T14:34:29.463399
health,random_forest,90/10,50,vertical,11,0.8997777777777778,0.0,0.4736226459234998,0.4998765432098765,-0.0049695921575858,0.0,0.0,4500,242,ok,745,416.9,2026-07-14T14:34:29.463399
health,random_forest,90/10,50,vertical,22,0.9004444444444445,0.0066666666666666,0.4803968366064552,0.5032098765432099,0.0646262485127884,0.0035140661915066,-0.0035140661915066,4500,241,ok,746,417.9,2026-07-14T14:34:29.463399
health,random_forest,90/10,50,vertical,33,0.8995555555555556,0.0,0.4735610669162377,0.4997530864197531,-0.007028845828593,0.0,0.0,4500,250,ok,747,418.8,2026-07-14T14:34:29.463399
health,random_forest,90/10,50,vertical,44,0.9015555555555556,0.0222222222222222,0.4956523895096709,0.5107407407407407,0.1200738088257613,0.0131870766648684,-0.0131870766648684,4500,249,ok,748,419.8,2026-07-14T14:34:29.463399
health,random_forest,90/10,50,vertical,55,0.8997777777777778,0.0044444444444444,0.4780059028157331,0.5018518518518519,0.0333518672982535,0.00836820083682,-0.0083682008368201,4500,239,ok,749,420.7,2026-07-14T14:34:29.463399
health,random_forest,90/10,25,horizontal,11,0.9004444444444445,0.0,0.4738072965388213,0.5,0.0,0.0,0.0,1125,60,ok,750,421.3,2026-07-14T14:34:29.463399
health,random_forest,90/10,25,horizontal,22,0.9004444444444445,0.0,0.4738072965388213,0.5,0.0,0.0,0.0,1125,60,ok,751,421.9,2026-07-14T14:34:29.463399
health,random_forest,90/10,25,horizontal,33,0.9004444444444445,0.0,0.4738072965388213,0.5,0.0,0.0,0.0,1125,62,ok,752,422.5,2026-07-14T14:34:29.463399
health,random_forest,90/10,25,horizontal,44,0.8987566607460036,0.0,0.4733395696913002,0.4995064165844027,-0.0099576816545474,0.0,0.0,1126,63,ok,753,423.1,2026-07-14T14:34:29.463399
health,random_forest,90/10,25,horizontal,55,0.9004444444444445,0.0,0.4738072965388213,0.5,0.0,0.0,0.0,1125,59,ok,754,423.7,2026-07-14T14:34:29.463399
health,random_forest,90/10,25,vertical,11,0.8991111111111111,0.0022222222222222,0.4756246303962153,0.5004938271604938,0.0081198232804652,-0.0048076923076923,0.0048076923076922,4500,242,ok,755,424.6,2026-07-14T14:34:29.463399
health,random_forest,90/10,25,vertical,22,0.9,0.0133333333333333,0.4866342371612926,0.5059259259259259,0.0689450253326692,-0.0019059342055629,0.0019059342055629,4500,241,ok,756,425.6,2026-07-14T14:34:29.463399
health,random_forest,90/10,25,vertical,33,0.8988888888888888,0.0022222222222222,0.4755581943423807,0.5003703703703704,0.005638749098809,-0.005,0.005,4500,250,ok,757,426.5,2026-07-14T14:34:29.463399
health,random_forest,90/10,25,vertical,44,0.8997777777777778,0.0155555555555555,0.4886331424683939,0.5067901234567902,0.0706829361292071,0.001138883893784,-0.001138883893784,4500,249,ok,758,427.6,2026-07-14T14:34:29.463399
health,random_forest,90/10,25,vertical,55,0.8991111111111111,0.0066666666666666,0.4799409428775074,0.5024691358024691,0.0314619452122005,0.003628864343929,-0.003628864343929,4500,239,ok,759,428.6,2026-07-14T14:34:29.463399
health,random_forest,95/5,100,horizontal,11,0.95,0.0,0.4871794871794871,0.5,0.0,0.0,0.0,4500,124,ok,760,429.4,2026-07-14T14:34:29.463399
health,random_forest,95/5,100,horizontal,22,0.95,0.0,0.4871794871794871,0.5,0.0,0.0,0.0,4500,121,ok,761,430.0,2026-07-14T14:34:29.463399
health,random_forest,95/5,100,horizontal,33,0.95,0.0,0.4871794871794871,0.5,0.0,0.0,0.0,4500,128,ok,762,430.6,2026-07-14T14:34:29.463399
health,random_forest,95/5,100,horizontal,44,0.95,0.0,0.4871794871794871,0.5,0.0,0.0,0.0,4500,119,ok,763,431.3,2026-07-14T14:34:29.463399
health,random_forest,95/5,100,horizontal,55,0.95,0.0,0.4871794871794871,0.5,0.0,0.0,0.0,4500,121,ok,764,431.9,2026-07-14T14:34:29.463399
health,random_forest,95/5,100,vertical,11,0.95,0.0,0.4871794871794871,0.5,0.0,0.0,0.0,4500,124,ok,765,432.6,2026-07-14T14:34:29.463399
health,random_forest,95/5,100,vertical,22,0.95,0.0,0.4871794871794871,0.5,0.0,0.0,0.0,4500,121,ok,766,433.2,2026-07-14T14:34:29.463399
health,random_forest,95/5,100,vertical,33,0.95,0.0,0.4871794871794871,0.5,0.0,0.0,0.0,4500,128,ok,767,433.9,2026-07-14T14:34:29.463399
health,random_forest,95/5,100,vertical,44,0.95,0.0,0.4871794871794871,0.5,0.0,0.0,0.0,4500,119,ok,768,434.5,2026-07-14T14:34:29.463399
health,random_forest,95/5,100,vertical,55,0.95,0.0,0.4871794871794871,0.5,0.0,0.0,0.0,4500,121,ok,769,435.2,2026-07-14T14:34:29.463399
health,random_forest,95/5,75,horizontal,11,0.949925925925926,0.0,0.4871600060781036,0.5,0.0,0.0,0.0,3375,93,ok,770,435.8,2026-07-14T14:34:29.463399
health,random_forest,95/5,75,horizontal,22,0.9499407582938388,0.0,0.4871639070332675,0.5,0.0,0.0,0.0,3376,91,ok,771,436.5,2026-07-14T14:34:29.463399
health,random_forest,95/5,75,horizontal,33,0.949925925925926,0.0,0.4871600060781036,0.5,0.0,0.0,0.0,3375,96,ok,772,437.1,2026-07-14T14:34:29.463399
health,random_forest,95/5,75,horizontal,44,0.9496296296296296,0.0,0.4870820668693009,0.4998440424204616,-0.0039526563173692,0.0,0.0,3375,89,ok,773,437.7,2026-07-14T14:34:29.463399
health,random_forest,95/5,75,horizontal,55,0.949925925925926,0.0,0.4871600060781036,0.5,0.0,0.0,0.0,3375,91,ok,774,438.4,2026-07-14T14:34:29.463399
health,random_forest,95/5,75,vertical,11,0.95,0.0,0.4871794871794871,0.5,0.0,0.0,0.0,4500,124,ok,775,439.5,2026-07-14T14:34:29.463399
health,random_forest,95/5,75,vertical,22,0.9497777777777778,0.0,0.4871210394346934,0.4998830409356725,-0.0034203078956098,0.0,0.0,4500,121,ok,776,440.5,2026-07-14T14:34:29.463399
health,random_forest,95/5,75,vertical,33,0.95,0.0,0.4871794871794871,0.5,0.0,0.0,0.0,4500,128,ok,777,441.4,2026-07-14T14:34:29.463399
health,random_forest,95/5,75,vertical,44,0.95,0.0,0.4871794871794871,0.5,0.0,0.0,0.0,4500,119,ok,778,442.3,2026-07-14T14:34:29.463399
health,random_forest,95/5,75,vertical,55,0.95,0.0,0.4871794871794871,0.5,0.0,0.0,0.0,4500,121,ok,779,443.3,2026-07-14T14:34:29.463399
health,random_forest,95/5,50,horizontal,11,0.9502222222222222,0.0,0.4872379216043755,0.5,0.0,0.0,0.0,2250,62,ok,780,443.9,2026-07-14T14:34:29.463399
health,random_forest,95/5,50,horizontal,22,0.9502222222222222,0.0,0.4872379216043755,0.5,0.0,0.0,0.0,2250,60,ok,781,444.5,2026-07-14T14:34:29.463399
health,random_forest,95/5,50,horizontal,33,0.9498000888494004,0.0,0.4871269081795397,0.5,0.0,0.0,0.0,2251,64,ok,782,445.2,2026-07-14T14:34:29.463399
health,random_forest,95/5,50,horizontal,44,0.9497777777777778,0.0,0.4871210394346934,0.4997661365762395,-0.0048262568738456,0.0,0.0,2250,59,ok,783,445.8,2026-07-14T14:34:29.463399
health,random_forest,95/5,50,horizontal,55,0.9502222222222222,0.0,0.4872379216043755,0.5,0.0,0.0,0.0,2250,60,ok,784,446.4,2026-07-14T14:34:29.463399
health,random_forest,95/5,50,vertical,11,0.95,0.0,0.4871794871794871,0.5,0.0,0.0,0.0,4500,124,ok,785,447.3,2026-07-14T14:34:29.463399
health,random_forest,95/5,50,vertical,22,0.9495555555555556,0.0,0.4870625783654394,0.499766081871345,-0.0048375834720891,0.0,0.0,4500,121,ok,786,448.3,2026-07-14T14:34:29.463399
health,random_forest,95/5,50,vertical,33,0.95,0.0,0.4871794871794871,0.5,0.0,0.0,0.0,4500,128,ok,787,449.2,2026-07-14T14:34:29.463399
health,random_forest,95/5,50,vertical,44,0.9497777777777778,0.0,0.4871210394346934,0.4998830409356725,-0.0034203078956098,0.0,0.0,4500,119,ok,788,450.1,2026-07-14T14:34:29.463399
health,random_forest,95/5,50,vertical,55,0.9502222222222222,0.0044444444444444,0.4916597912981032,0.5022222222222222,0.0649858500165867,0.0082644628099173,-0.0082644628099173,4500,121,ok,789,451.1,2026-07-14T14:34:29.463399
health,random_forest,95/5,25,horizontal,11,0.9502222222222222,0.0,0.4872379216043755,0.5,0.0,0.0,0.0,1125,31,ok,790,451.7,2026-07-14T14:34:29.463399
health,random_forest,95/5,25,horizontal,22,0.9502222222222222,0.0,0.4872379216043755,0.5,0.0,0.0,0.0,1125,30,ok,791,452.4,2026-07-14T14:34:29.463399
health,random_forest,95/5,25,horizontal,33,0.9502222222222222,0.0,0.4872379216043755,0.5,0.0,0.0,0.0,1125,32,ok,792,453.0,2026-07-14T14:34:29.463399
health,random_forest,95/5,25,horizontal,44,0.9502222222222222,0.0,0.4872379216043755,0.5,0.0,0.0,0.0,1125,30,ok,793,453.6,2026-07-14T14:34:29.463399
health,random_forest,95/5,25,horizontal,55,0.9502222222222222,0.0,0.4872379216043755,0.5,0.0,0.0,0.0,1125,30,ok,794,454.2,2026-07-14T14:34:29.463399
health,random_forest,95/5,25,vertical,11,0.9497777777777778,0.0,0.4871210394346934,0.4998830409356725,-0.0034203078956098,0.0,0.0,4500,124,ok,795,455.1,2026-07-14T14:34:29.463399
health,random_forest,95/5,25,vertical,22,0.95,0.0,0.4871794871794871,0.5,0.0,0.0,0.0,4500,121,ok,796,456.1,2026-07-14T14:34:29.463399
health,random_forest,95/5,25,vertical,33,0.95,0.0,0.4871794871794871,0.5,0.0,0.0,0.0,4500,128,ok,797,457.0,2026-07-14T14:34:29.463399
health,random_forest,95/5,25,vertical,44,0.9497777777777778,0.0,0.4871210394346934,0.4998830409356725,-0.0034203078956098,0.0,0.0,4500,119,ok,798,457.9,2026-07-14T14:34:29.463399
health,random_forest,95/5,25,vertical,55,0.9504444444444444,0.0133333333333333,0.5003880891723868,0.5065497076023392,0.095800567023728,0.024793388429752,-0.024793388429752,4500,121,ok,799,458.9,2026-07-14T14:34:29.463399
health,xgboost,50/50,100,horizontal,11,0.618,0.5924444444444444,0.6177503579498216,0.618,0.2363088620628887,0.0425159296791033,-0.0425159296791033,4500,1248,ok,800,1.5,2026-07-14T14:34:29.463399
health,xgboost,50/50,100,horizontal,22,0.6228888888888889,0.6226666666666667,0.6228888702661171,0.6228888888888888,0.2457778020521298,0.0127191502098364,-0.0127191502098364,4500,1222,ok,801,2.6,2026-07-14T14:34:29.463399
health,xgboost,50/50,100,horizontal,33,0.6073333333333333,0.6186666666666667,0.6072828910024444,0.6073333333333333,0.2147218334066423,0.05119344119549,-0.05119344119549,4500,1252,ok,802,4.2,2026-07-14T14:34:29.463399
health,xgboost,50/50,100,horizontal,44,0.614,0.5933333333333334,0.6138350646653971,0.6140000000000001,0.2281950125783891,0.0196817930866357,-0.0196817930866357,4500,1227,ok,803,5.2,2026-07-14T14:34:29.463399
health,xgboost,50/50,100,horizontal,55,0.6102222222222222,0.6026666666666667,0.6101999699340861,0.6102222222222222,0.220469617523825,0.0342907981495372,-0.0342907981495372,4500,1231,ok,804,6.2,2026-07-14T14:34:29.463399
health,xgboost,50/50,100,vertical,11,0.618,0.5924444444444444,0.6177503579498216,0.618,0.2363088620628887,0.0425159296791033,-0.0425159296791033,4500,1248,ok,805,7.2,2026-07-14T14:34:29.463399
health,xgboost,50/50,100,vertical,22,0.6228888888888889,0.6226666666666667,0.6228888702661171,0.6228888888888888,0.2457778020521298,0.0127191502098364,-0.0127191502098364,4500,1222,ok,806,9.0,2026-07-14T14:34:29.463399
health,xgboost,50/50,100,vertical,33,0.6073333333333333,0.6186666666666667,0.6072828910024444,0.6073333333333333,0.2147218334066423,0.05119344119549,-0.05119344119549,4500,1252,ok,807,10.2,2026-07-14T14:34:29.463399
health,xgboost,50/50,100,vertical,44,0.614,0.5933333333333334,0.6138350646653971,0.6140000000000001,0.2281950125783891,0.0196817930866357,-0.0196817930866357,4500,1227,ok,808,11.0,2026-07-14T14:34:29.463399
health,xgboost,50/50,100,vertical,55,0.6102222222222222,0.6026666666666667,0.6101999699340861,0.6102222222222222,0.220469617523825,0.0342907981495372,-0.0342907981495372,4500,1231,ok,809,11.7,2026-07-14T14:34:29.463399
health,xgboost,50/50,75,horizontal,11,0.6042654028436019,0.6072274881516587,0.6042619306578169,0.6042654028436019,0.2085344650609888,0.0686715766502999,-0.0686715766502999,3376,936,ok,810,13.0,2026-07-14T14:34:29.463399
health,xgboost,50/50,75,horizontal,22,0.6195555555555555,0.6052163604030824,0.6194753457606734,0.6195513081636265,0.2392014200375842,0.0277612582762702,-0.0277612582762702,3375,916,ok,811,13.8,2026-07-14T14:34:29.463399
health,xgboost,50/50,75,horizontal,33,0.606931279620853,0.5781990521327014,0.6066065172124225,0.606931279620853,0.2142165407396982,0.0481721457505996,-0.0481721457505996,3376,939,ok,812,14.6,2026-07-14T14:34:29.463399
health,xgboost,50/50,75,horizontal,44,0.6214454976303317,0.6172985781990521,0.6214389875390228,0.6214454976303317,0.242899349655794,0.0417408094766897,-0.0417408094766897,3376,921,ok,813,15.2,2026-07-14T14:34:29.463399
health,xgboost,50/50,75,horizontal,55,0.6134478672985783,0.5983412322274881,0.6133596319365675,0.6134478672985781,0.2269993654947251,0.0065288665122965,-0.0065288665122965,3376,923,ok,814,16.0,2026-07-14T14:34:29.463399
health,xgboost,50/50,75,vertical,11,0.6144444444444445,0.5906666666666667,0.6142263346817665,0.6144444444444445,0.2291481483576719,0.039310801473975,-0.039310801473975,4500,1248,ok,815,17.2,2026-07-14T14:34:29.463399
health,xgboost,50/50,75,vertical,22,0.6193333333333333,0.6253333333333333,0.6193196288399716,0.6193333333333333,0.2386838525227614,0.0176291338432243,-0.0176291338432243,4500,1222,ok,816,19.0,2026-07-14T14:34:29.463399
health,xgboost,50/50,75,vertical,33,0.6046666666666667,0.6133333333333333,0.6046369705102295,0.6046666666666667,0.2093647869395752,0.0614167632389379,-0.0614167632389379,4500,1252,ok,817,20.1,2026-07-14T14:34:29.463399
health,xgboost,50/50,75,vertical,44,0.6237777777777778,0.6044444444444445,0.6236371016900095,0.6237777777777778,0.2477408248609708,0.0346791521174358,-0.0346791521174358,4500,1227,ok,818,21.2,2026-07-14T14:34:29.463399
health,xgboost,50/50,75,vertical,55,0.6046666666666667,0.5902222222222222,0.6045841663260606,0.6046666666666667,0.2094207394872468,0.0330694864192846,-0.0330694864192846,4500,1231,ok,819,22.4,2026-07-14T14:34:29.463399
health,xgboost,50/50,50,horizontal,11,0.5986666666666667,0.6168888888888889,0.5985333599166458,0.5986666666666667,0.1974645128450793,0.075790726239828,-0.075790726239828,2250,624,ok,820,23.6,2026-07-14T14:34:29.463399
health,xgboost,50/50,50,horizontal,22,0.6186666666666667,0.6008888888888889,0.6185461083996917,0.6186666666666667,0.2374834938297344,-0.0005126506906455,0.0005126506906455,2250,611,ok,821,24.6,2026-07-14T14:34:29.463399
health,xgboost,50/50,50,horizontal,33,0.6075555555555555,0.5955555555555555,0.6074990354166556,0.6075555555555555,0.2151730898872279,-0.0353582564490001,0.0353582564490001,2250,626,ok,822,25.2,2026-07-14T14:34:29.463399
health,xgboost,50/50,50,horizontal,44,0.6066666666666667,0.6115555555555555,0.6066572652896988,0.6066666666666667,0.2133435319246982,0.0828596553833604,-0.0828596553833604,2250,613,ok,823,25.9,2026-07-14T14:34:29.463399
health,xgboost,50/50,50,horizontal,55,0.6066666666666667,0.6044444444444445,0.6066647242702433,0.6066666666666667,0.2133354403604333,0.0633722858673742,-0.0633722858673742,2250,616,ok,824,26.7,2026-07-14T14:34:29.463399
health,xgboost,50/50,50,vertical,11,0.6091111111111112,0.5933333333333334,0.6090137796772026,0.6091111111111112,0.2183309511549929,0.0585127821280515,-0.0585127821280515,4500,1248,ok,825,27.6,2026-07-14T14:34:29.463399
health,xgboost,50/50,50,vertical,22,0.6222222222222222,0.6133333333333333,0.6221923707552202,0.6222222222222222,0.2444830818610719,0.0134451400077694,-0.0134451400077694,4500,1222,ok,826,28.9,2026-07-14T14:34:29.463399
health,xgboost,50/50,50,vertical,33,0.6144444444444445,0.6124444444444445,0.6144429022160534,0.6144444444444445,0.2288907200219736,0.0652214973077145,-0.0652214973077145,4500,1252,ok,827,30.1,2026-07-14T14:34:29.463399
health,xgboost,50/50,50,vertical,44,0.6146666666666667,0.6,0.6145837593509004,0.6146666666666667,0.2294320613466779,0.0390767840882202,-0.0390767840882202,4500,1227,ok,828,31.0,2026-07-14T14:34:29.463399
health,xgboost,50/50,50,vertical,55,0.6111111111111112,0.6008888888888889,0.611070470376065,0.6111111111111112,0.2222686784868684,0.0041358781047984,-0.0041358781047984,4500,1231,ok,829,32.1,2026-07-14T14:34:29.463399
health,xgboost,50/50,25,horizontal,11,0.6106666666666667,0.6269982238010657,0.6105555836568495,0.6106521368115649,0.2214239734283061,-0.0044820717131474,0.0044820717131474,1125,312,ok,830,33.0,2026-07-14T14:34:29.463399
health,xgboost,50/50,25,horizontal,22,0.6088888888888889,0.6192170818505338,0.6088514931600374,0.6088980613515547,0.2178415676166105,0.0440135229954711,-0.0440135229954711,1125,305,ok,831,33.7,2026-07-14T14:34:29.463399
health,xgboost,50/50,25,horizontal,33,0.5911111111111111,0.5932504440497336,0.5911082034361133,0.5911092077899913,0.1822201433064528,0.038223642172524,-0.038223642172524,1125,313,ok,832,34.3,2026-07-14T14:34:29.463399
health,xgboost,50/50,25,horizontal,44,0.6053333333333333,0.603202846975089,0.6053305267948572,0.6053314412495339,0.210664879925273,0.0489365778884843,-0.0489365778884843,1125,307,ok,833,34.9,2026-07-14T14:34:29.463399
health,xgboost,50/50,25,horizontal,55,0.5884444444444444,0.5790408525754884,0.5884119239050987,0.5884528106293812,0.1769363803052537,0.0692131398013751,-0.0692131398013751,1125,308,ok,834,35.6,2026-07-14T14:34:29.463399
health,xgboost,50/50,25,vertical,11,0.6086666666666667,0.5951111111111111,0.6085947447429723,0.6086666666666667,0.2174132487316998,0.0383271917703056,-0.0383271917703056,4500,1248,ok,835,476.3,2026-07-14T14:34:29.463399
health,xgboost,50/50,25,vertical,22,0.61,0.5902222222222222,0.6098473877115094,0.61,0.2201723128496076,0.0031316270450304,-0.0031316270450304,4500,1222,ok,836,477.1,2026-07-14T14:34:29.463399
health,xgboost,50/50,25,vertical,33,0.6155555555555555,0.6231111111111111,0.6155336077457063,0.6155555555555555,0.2311375022427197,0.0951951826976637,-0.0951951826976637,4500,1252,ok,837,478.0,2026-07-14T14:34:29.463399
health,xgboost,50/50,25,vertical,44,0.618,0.6026666666666667,0.6179101664346862,0.618,0.2361110507784016,0.033211681448924,-0.033211681448924,4500,1227,ok,838,478.8,2026-07-14T14:34:29.463399
health,xgboost,50/50,25,vertical,55,0.6024444444444444,0.5866666666666667,0.6023454530088206,0.6024444444444444,0.2049909745060116,0.060651042061115,-0.060651042061115,4500,1231,ok,839,479.7,2026-07-14T14:34:29.463399
health,xgboost,80/20,100,horizontal,11,0.7948888888888889,0.1311111111111111,0.5429546182050744,0.5459722222222222,0.1579115803291266,0.0689057119077403,-0.0689057119077403,4500,493,ok,840,36.2,2026-07-14T14:34:29.463399
health,xgboost,80/20,100,horizontal,22,0.79,0.1411111111111111,0.5453524435341633,0.5466666666666666,0.1498985206437216,0.0063517623904097,-0.0063517623904097,4500,486,ok,841,37.0,2026-07-14T14:34:29.463399
health,xgboost,80/20,100,horizontal,33,0.7891111111111111,0.1177777777777777,0.5307699229948449,0.5373611111111112,0.1278704879353696,0.0185,-0.0184999999999999,4500,500,ok,842,37.9,2026-07-14T14:34:29.463399
health,xgboost,80/20,100,horizontal,44,0.7868888888888889,0.1322222222222222,0.5379644805978807,0.5413888888888889,0.1333608481164389,0.0093168475094488,-0.0093168475094488,4500,491,ok,843,38.7,2026-07-14T14:34:29.463399
health,xgboost,80/20,100,horizontal,55,0.7866666666666666,0.1288888888888889,0.5358400264055452,0.54,0.12990719361155,0.0312793057423129,-0.0312793057423128,4500,481,ok,844,39.3,2026-07-14T14:34:29.463399
health,xgboost,80/20,100,vertical,11,0.7948888888888889,0.1311111111111111,0.5429546182050744,0.5459722222222222,0.1579115803291266,0.0689057119077403,-0.0689057119077403,4500,493,ok,845,40.1,2026-07-14T14:34:29.463399
health,xgboost,80/20,100,vertical,22,0.79,0.1411111111111111,0.5453524435341633,0.5466666666666666,0.1498985206437216,0.0063517623904097,-0.0063517623904097,4500,486,ok,846,41.2,2026-07-14T14:34:29.463399
health,xgboost,80/20,100,vertical,33,0.7891111111111111,0.1177777777777777,0.5307699229948449,0.5373611111111112,0.1278704879353696,0.0185,-0.0184999999999999,4500,500,ok,847,42.1,2026-07-14T14:34:29.463399
health,xgboost,80/20,100,vertical,44,0.7868888888888889,0.1322222222222222,0.5379644805978807,0.5413888888888889,0.1333608481164389,0.0093168475094488,-0.0093168475094488,4500,491,ok,848,43.2,2026-07-14T14:34:29.463399
health,xgboost,80/20,100,vertical,55,0.7866666666666666,0.1288888888888889,0.5358400264055452,0.54,0.12990719361155,0.0312793057423129,-0.0312793057423128,4500,481,ok,849,44.0,2026-07-14T14:34:29.463399
health,xgboost,80/20,75,horizontal,11,0.7872592592592592,0.1333333333333333,0.538876168960567,0.5420370370370371,0.1353786957017781,-0.0079751883030571,0.0079751883030572,3375,370,ok,850,44.9,2026-07-14T14:34:29.463399
health,xgboost,80/20,75,horizontal,22,0.784,0.1022222222222222,0.5176265904868111,0.5283333333333333,0.0978571361003792,0.0106798346348185,-0.0106798346348184,3375,364,ok,851,45.7,2026-07-14T14:34:29.463399
health,xgboost,80/20,75,horizontal,33,0.7845925925925926,0.1125925925925925,0.5245473935343677,0.5325925925925926,0.1094131363679825,0.0046666666666666,-0.0046666666666667,3375,375,ok,852,46.5,2026-07-14T14:34:29.463399
health,xgboost,80/20,75,horizontal,44,0.7905185185185185,0.1288888888888889,0.5385196928241638,0.5424074074074074,0.1417133474989011,0.0213231128735306,-0.0213231128735306,3375,368,ok,853,47.3,2026-07-14T14:34:29.463399
health,xgboost,80/20,75,horizontal,55,0.7851851851851852,0.1185185185185185,0.5285881485976852,0.5351851851851852,0.1165271435758621,0.0072339749810328,-0.0072339749810328,3375,361,ok,854,48.3,2026-07-14T14:34:29.463399
health,xgboost,80/20,75,vertical,11,0.7884444444444444,0.12,0.5316894510753215,0.5377777777777778,0.1277022889989836,0.0486217362485111,-0.048621736248511,4500,493,ok,855,49.4,2026-07-14T14:34:29.463399
health,xgboost,80/20,75,vertical,22,0.7911111111111111,0.1566666666666666,0.5549577704373282,0.5531944444444444,0.1651036310588519,-0.0140454464125961,0.0140454464125961,4500,486,ok,856,50.5,2026-07-14T14:34:29.463399
health,xgboost,80/20,75,vertical,33,0.7871111111111111,0.1233333333333333,0.5328145996792232,0.5381944444444444,0.1264932808553767,-0.021,0.021,4500,500,ok,857,51.5,2026-07-14T14:34:29.463399
health,xgboost,80/20,75,vertical,44,0.7873333333333333,0.1266666666666666,0.5349741247357808,0.5395833333333333,0.130015055246488,-0.0008664518795532,0.0008664518795532,4500,491,ok,858,52.5,2026-07-14T14:34:29.463399
health,xgboost,80/20,75,vertical,55,0.7884444444444444,0.1144444444444444,0.5282476580865884,0.5356944444444445,0.1228309872799755,0.0355117371823815,-0.0355117371823816,4500,481,ok,859,53.7,2026-07-14T14:34:29.463399
health,xgboost,80/20,50,horizontal,11,0.7822222222222223,0.1622222222222222,0.5513740771123872,0.5497222222222222,0.1444480610885959,-0.0006182565166231,0.0006182565166231,2250,247,ok,860,54.3,2026-07-14T14:34:29.463399
health,xgboost,80/20,50,horizontal,22,0.7831111111111111,0.1333333333333333,0.535991507545843,0.5394444444444445,0.1234948836059016,-0.0483091787439613,0.0483091787439613,2250,243,ok,861,55.0,2026-07-14T14:34:29.463399
health,xgboost,80/20,50,horizontal,33,0.788,0.1466666666666666,0.5470790873975943,0.5475,0.1482827173771753,0.003,-0.003,2250,250,ok,862,55.6,2026-07-14T14:34:29.463399
health,xgboost,80/20,50,horizontal,44,0.7884444444444444,0.1422222222222222,0.5448719692127773,0.5461111111111111,0.1460905394685662,-0.0344449975111996,0.0344449975111996,2250,245,ok,863,56.3,2026-07-14T14:34:29.463399
health,xgboost,80/20,50,horizontal,55,0.7946666666666666,0.1288888888888889,0.5414474995985736,0.545,0.1554201573358964,0.0363095238095238,-0.0363095238095237,2250,240,ok,864,56.9,2026-07-14T14:34:29.463399
health,xgboost,80/20,50,vertical,11,0.788,0.1088888888888888,0.5244530600941567,0.5333333333333333,0.1164171000174398,0.0597355607497595,-0.0597355607497595,4500,493,ok,865,58.1,2026-07-14T14:34:29.463399
health,xgboost,80/20,50,vertical,22,0.7957777777777778,0.1711111111111111,0.5663944875952965,0.5615277777777778,0.1896162973706129,0.0216496689926641,-0.0216496689926641,4500,486,ok,866,59.2,2026-07-14T14:34:29.463399
health,xgboost,80/20,50,vertical,33,0.7904444444444444,0.1122222222222222,0.5281841454974024,0.5361111111111111,0.1273240744640541,0.0219999999999999,-0.022,4500,500,ok,867,60.1,2026-07-14T14:34:29.463399
health,xgboost,80/20,50,vertical,44,0.7848888888888889,0.1233333333333333,0.5313054799384542,0.5368055555555555,0.1199156404818528,0.0064685114456301,-0.0064685114456302,4500,491,ok,868,61.1,2026-07-14T14:34:29.463399
health,xgboost,80/20,50,vertical,55,0.784,0.0977777777777777,0.5147599936810081,0.5266666666666667,0.0934864707193953,0.0221892536928336,-0.0221892536928336,4500,481,ok,869,62.0,2026-07-14T14:34:29.463399
health,xgboost,80/20,25,horizontal,11,0.7795555555555556,0.1733333333333333,0.5551828373914264,0.5522222222222222,0.1461460873120921,0.1018651362984218,-0.1018651362984217,1125,123,ok,870,62.6,2026-07-14T14:34:29.463399
health,xgboost,80/20,25,horizontal,22,0.7777777777777778,0.1333333333333333,0.5323412038576655,0.5361111111111111,0.1093093290244007,0.0489415884131784,-0.0489415884131785,1125,122,ok,871,63.5,2026-07-14T14:34:29.463399
health,xgboost,80/20,25,horizontal,33,0.7733333333333333,0.1777777777777777,0.5528233506098749,0.55,0.1346738110339745,0.0139999999999999,-0.0139999999999999,1125,125,ok,872,64.1,2026-07-14T14:34:29.463399
health,xgboost,80/20,25,horizontal,44,0.7804444444444445,0.1422222222222222,0.539201265610775,0.5411111111111111,0.1237783601287108,-0.026781444285031,0.026781444285031,1125,123,ok,873,64.7,2026-07-14T14:34:29.463399
health,xgboost,80/20,25,horizontal,55,0.7804444444444445,0.1422222222222222,0.539201265610775,0.5411111111111111,0.1237783601287108,-0.019047619047619,0.019047619047619,1125,120,ok,874,65.3,2026-07-14T14:34:29.463399
health,xgboost,80/20,25,vertical,11,0.7926666666666666,0.1166666666666666,0.5324897102638803,0.5391666666666667,0.1386322113360514,0.0335657435048915,-0.0335657435048916,4500,493,ok,875,485.7,2026-07-14T14:34:29.463399
health,xgboost,80/20,25,vertical,22,0.7946666666666666,0.1544444444444444,0.5563946384989709,0.5545833333333333,0.1745170511881029,0.0310431204151011,-0.0310431204151011,4500,486,ok,876,486.6,2026-07-14T14:34:29.463399
health,xgboost,80/20,25,vertical,33,0.7868888888888889,0.1266666666666666,0.5346683658918112,0.5393055555555556,0.1286825806807951,0.003,-0.003,4500,500,ok,877,66.2,2026-07-14T14:34:29.463399
health,xgboost,80/20,25,vertical,44,0.7811111111111111,0.1155555555555555,0.524090777174524,0.5315277777777778,0.1022293961118842,-0.0212330506575573,0.0212330506575573,4500,491,ok,878,487.4,2026-07-14T14:34:29.463399
health,xgboost,80/20,25,vertical,55,0.7873333333333333,0.1122222222222222,0.5261187103166373,0.5341666666666667,0.1173602681600155,0.0090255484050233,-0.0090255484050233,4500,481,ok,879,488.5,2026-07-14T14:34:29.463399
health,xgboost,90/10,100,horizontal,11,0.8915555555555555,0.0222222222222222,0.4909521142640967,0.5051851851851852,0.0275819369764391,-0.0033773045136681,0.0033773045136681,4500,242,ok,880,66.9,2026-07-14T14:34:29.463399
health,xgboost,90/10,100,horizontal,22,0.8937777777777778,0.0444444444444444,0.5104327219394421,0.5162962962962963,0.0801490435792208,0.0115150191586094,-0.0115150191586095,4500,241,ok,881,67.6,2026-07-14T14:34:29.463399
health,xgboost,90/10,100,horizontal,33,0.8922222222222222,0.0155555555555555,0.4855020003540783,0.5025925925925926,0.0149889497228676,-0.017,0.017,4500,250,ok,882,68.3,2026-07-14T14:34:29.463399
health,xgboost,90/10,100,horizontal,44,0.8957777777777778,0.0622222222222222,0.5256637168141592,0.5253086419753087,0.1186165633380839,-0.0134268416951387,0.0134268416951387,4500,249,ok,883,68.9,2026-07-14T14:34:29.463399
health,xgboost,90/10,100,horizontal,55,0.894,0.0355555555555555,0.503345620313569,0.5124691358024691,0.0657708912055277,-0.0133653255071486,0.0133653255071486,4500,239,ok,884,69.6,2026-07-14T14:34:29.463399
health,xgboost,90/10,100,vertical,11,0.8915555555555555,0.0222222222222222,0.4909521142640967,0.5051851851851852,0.0275819369764391,-0.0033773045136681,0.0033773045136681,4500,242,ok,885,70.3,2026-07-14T14:34:29.463399
health,xgboost,90/10,100,vertical,22,0.8937777777777778,0.0444444444444444,0.5104327219394421,0.5162962962962963,0.0801490435792208,0.0115150191586094,-0.0115150191586095,4500,241,ok,886,70.9,2026-07-14T14:34:29.463399
health,xgboost,90/10,100,vertical,33,0.8922222222222222,0.0155555555555555,0.4855020003540783,0.5025925925925926,0.0149889497228676,-0.017,0.017,4500,250,ok,887,71.6,2026-07-14T14:34:29.463399
health,xgboost,90/10,100,vertical,44,0.8957777777777778,0.0622222222222222,0.5256637168141592,0.5253086419753087,0.1186165633380839,-0.0134268416951387,0.0134268416951387,4500,249,ok,888,72.2,2026-07-14T14:34:29.463399
health,xgboost,90/10,100,vertical,55,0.894,0.0355555555555555,0.503345620313569,0.5124691358024691,0.0657708912055277,-0.0133653255071486,0.0133653255071486,4500,239,ok,889,73.1,2026-07-14T14:34:29.463399
health,xgboost,90/10,75,horizontal,11,0.8903703703703704,0.0355029585798816,0.501350496593011,0.5105074885095655,0.0493869294892567,0.0183150183150183,-0.0183150183150182,3375,182,ok,890,73.9,2026-07-14T14:34:29.463399
health,xgboost,90/10,75,horizontal,22,0.8939259259259259,0.0502958579881656,0.5152138395465138,0.5190563912924036,0.0911843036413663,0.0225569201534292,-0.0225569201534292,3375,181,ok,891,74.9,2026-07-14T14:34:29.463399
health,xgboost,90/10,75,horizontal,33,0.8945497630331753,0.0177514792899408,0.4884221423123025,0.5049257725613628,0.0315088817324323,0.0199290780141843,-0.0199290780141843,3376,188,ok,892,75.7,2026-07-14T14:34:29.463399
health,xgboost,90/10,75,horizontal,44,0.896,0.0623145400593471,0.5258277525406266,0.5253969013660791,0.1192125350845567,0.0161853832442067,-0.0161853832442068,3375,187,ok,893,76.6,2026-07-14T14:34:29.463399
health,xgboost,90/10,75,horizontal,55,0.8954074074074074,0.0415430267062314,0.5090330500962462,0.5158340544986062,0.0836984300017814,0.0067180538858638,-0.0067180538858637,3375,179,ok,894,77.5,2026-07-14T14:34:29.463399
health,xgboost,90/10,75,vertical,11,0.8924444444444445,0.0355555555555555,0.502483470938456,0.5116049382716049,0.0579210980812397,-0.01434361093452,0.0143436109345199,4500,242,ok,895,79.0,2026-07-14T14:34:29.463399
health,xgboost,90/10,75,vertical,22,0.8924444444444445,0.0444444444444444,0.5096167355334685,0.5155555555555555,0.0733884517662828,0.0115150191586094,-0.0115150191586095,4500,241,ok,896,80.2,2026-07-14T14:34:29.463399
health,xgboost,90/10,75,vertical,33,0.894,0.0333333333333333,0.5015038489755225,0.5114814814814815,0.0616007655413798,-0.012,0.012,4500,250,ok,897,81.6,2026-07-14T14:34:29.463399
health,xgboost,90/10,75,vertical,44,0.896,0.0533333333333333,0.5189302983454491,0.5214814814814814,0.1072156496397417,-0.011508721452976,0.0115087214529759,4500,249,ok,898,82.9,2026-07-14T14:34:29.463399
health,xgboost,90/10,75,vertical,55,0.8948888888888888,0.0355555555555555,0.5038432624898747,0.512962962962963,0.0707865615367907,0.0044815483154534,-0.0044815483154534,4500,239,ok,899,84.3,2026-07-14T14:34:29.463399
health,xgboost,90/10,50,horizontal,11,0.8884444444444445,0.0222222222222222,0.489551048962426,0.5034567901234568,0.0165297666349754,0.0055626191989828,-0.0055626191989828,2250,121,ok,900,86.0,2026-07-14T14:34:29.463399
health,xgboost,90/10,50,horizontal,22,0.892,0.0533333333333333,0.5162407727406653,0.5192592592592592,0.0853786273425692,-0.0259853782581055,0.0259853782581055,2250,121,ok,901,86.8,2026-07-14T14:34:29.463399
health,xgboost,90/10,50,horizontal,33,0.8955555555555555,0.0355555555555555,0.5042189444153253,0.5133333333333333,0.0748545906401229,0.028,-0.028,2250,125,ok,902,92.3,2026-07-14T14:34:29.463399
health,xgboost,90/10,50,horizontal,44,0.8924444444444445,0.0266666666666666,0.4951246379176696,0.5076543209876543,0.0407161926795054,0.0304215905461513,-0.0304215905461513,2250,124,ok,903,94.1,2026-07-14T14:34:29.463399
health,xgboost,90/10,50,horizontal,55,0.888,0.0444444444444444,0.5069633813790417,0.5130864197530864,0.0549032985511753,0.0305216426193118,-0.0305216426193118,2250,119,ok,904,94.8,2026-07-14T14:34:29.463399
health,xgboost,90/10,50,vertical,11,0.8951111111111111,0.0488888888888888,0.5148185914937009,0.5190123456790123,0.0948920117501162,-0.0074300699300699,0.00743006993007,4500,242,ok,905,95.9,2026-07-14T14:34:29.463399
health,xgboost,90/10,50,vertical,22,0.8904444444444445,0.0377777777777777,0.503165653327648,0.5114814814814814,0.0531199749506377,0.0080009529671027,-0.0080009529671027,4500,241,ok,906,97.0,2026-07-14T14:34:29.463399
health,xgboost,90/10,50,vertical,33,0.894,0.0311111111111111,0.4996474338428546,0.5104938271604939,0.0573034069583544,-0.0249999999999999,0.025,4500,250,ok,907,99.3,2026-07-14T14:34:29.463399
health,xgboost,90/10,50,vertical,44,0.8953333333333333,0.0622222222222222,0.5253367600757043,0.5250617283950617,0.1159500528492415,-0.0224180303302763,0.0224180303302763,4500,249,ok,908,101.5,2026-07-14T14:34:29.463399
health,xgboost,90/10,50,vertical,55,0.8957777777777778,0.0377777777777777,0.506199240943652,0.5144444444444445,0.0803328375382422,-0.0002577881774375,0.0002577881774374,4500,239,ok,909,104.0,2026-07-14T14:34:29.463399
health,xgboost,90/10,25,horizontal,11,0.8871111111111111,0.0446428571428571,0.5064442916806284,0.5124497602594839,0.0505752887795049,-0.0602564102564102,0.0602564102564101,1125,60,ok,910,105.5,2026-07-14T14:34:29.463399
health,xgboost,90/10,25,horizontal,22,0.8888888888888888,0.0535714285714285,0.5142168225203037,0.5174076293893668,0.0707158905058564,0.0282051282051282,-0.0282051282051282,1125,60,ok,911,106.5,2026-07-14T14:34:29.463399
health,xgboost,90/10,25,horizontal,33,0.88,0.0178571428571428,0.4824131220840476,0.4965889860386405,-0.0133457865495419,-0.0038709677419354,0.0038709677419355,1125,62,ok,912,108.9,2026-07-14T14:34:29.463399
health,xgboost,90/10,25,horizontal,44,0.8898756660746003,0.0442477876106194,0.5080405338745366,0.514226559155754,0.0631950450480113,-0.0282539682539682,0.0282539682539683,1126,63,ok,913,110.2,2026-07-14T14:34:29.463399
health,xgboost,90/10,25,horizontal,55,0.88,0.0357142857142857,0.4959359577299776,0.5045303906360175,0.0165725704060693,-0.003837543971858,0.0038375439718579,1125,59,ok,914,111.3,2026-07-14T14:34:29.463399
health,xgboost,90/10,25,vertical,11,0.8933333333333333,0.0333333333333333,0.5011432134691333,0.5111111111111112,0.0581238193719096,-0.0095359186268277,0.0095359186268276,4500,242,ok,915,489.6,2026-07-14T14:34:29.463399
health,xgboost,90/10,25,vertical,22,0.8908888888888888,0.0333333333333333,0.4998369008767059,0.5097530864197531,0.0469595387038052,-0.0181659353967718,0.0181659353967718,4500,241,ok,916,113.9,2026-07-14T14:34:29.463399
health,xgboost,90/10,25,vertical,33,0.8957777777777778,0.0288888888888888,0.4986906098017209,0.5104938271604939,0.0632801587385429,-0.011,0.011,4500,250,ok,917,115.2,2026-07-14T14:34:29.463399
health,xgboost,90/10,25,vertical,44,0.894,0.0577777777777777,0.5209944570143572,0.5223456790123456,0.1020900736326735,-0.0394413474794701,0.03944134747947,4500,249,ok,918,490.7,2026-07-14T14:34:29.463399
health,xgboost,90/10,25,vertical,55,0.8951111111111111,0.0266666666666666,0.4964419021029951,0.5091358024691358,0.0544949731352641,0.0055920204644153,-0.0055920204644153,4500,239,ok,919,491.6,2026-07-14T14:34:29.463399
health,xgboost,95/5,100,horizontal,11,0.9471111111111112,0.0088888888888888,0.4946768857375264,0.5026900584795322,0.0191135873404244,-0.0018364739699776,0.0018364739699776,4500,124,ok,920,116.4,2026-07-14T14:34:29.463399
health,xgboost,95/5,100,horizontal,22,0.9466666666666668,0.0133333333333333,0.4984871027599926,0.504561403508772,0.0291734390447797,0.00691354100445,-0.00691354100445,4500,121,ok,921,117.4,2026-07-14T14:34:29.463399
health,xgboost,95/5,100,horizontal,33,0.9475555555555556,0.0177777777777777,0.5029169693474825,0.5071345029239765,0.0479610587975876,0.03125,-0.03125,4500,128,ok,922,119.0,2026-07-14T14:34:29.463399
health,xgboost,95/5,100,horizontal,44,0.9482222222222222,0.0311111111111111,0.515030358590762,0.5138011695906433,0.0862485538320338,0.0053115585856984,-0.0053115585856984,4500,119,ok,923,121.2,2026-07-14T14:34:29.463399
health,xgboost,95/5,100,horizontal,55,0.9486666666666668,0.0177777777777777,0.5035529751241595,0.507719298245614,0.0604189929954484,-0.0027018436109345,0.0027018436109346,4500,121,ok,924,124.3,2026-07-14T14:34:29.463399
health,xgboost,95/5,100,vertical,11,0.9471111111111112,0.0088888888888888,0.4946768857375264,0.5026900584795322,0.0191135873404244,-0.0018364739699776,0.0018364739699776,4500,124,ok,925,125.5,2026-07-14T14:34:29.463399
health,xgboost,95/5,100,vertical,22,0.9466666666666668,0.0133333333333333,0.4984871027599926,0.504561403508772,0.0291734390447797,0.00691354100445,-0.00691354100445,4500,121,ok,926,126.4,2026-07-14T14:34:29.463399
health,xgboost,95/5,100,vertical,33,0.9475555555555556,0.0177777777777777,0.5029169693474825,0.5071345029239765,0.0479610587975876,0.03125,-0.03125,4500,128,ok,927,129.4,2026-07-14T14:34:29.463399
health,xgboost,95/5,100,vertical,44,0.9482222222222222,0.0311111111111111,0.515030358590762,0.5138011695906433,0.0862485538320338,0.0053115585856984,-0.0053115585856984,4500,119,ok,928,131.0,2026-07-14T14:34:29.463399
health,xgboost,95/5,100,vertical,55,0.9486666666666668,0.0177777777777777,0.5035529751241595,0.507719298245614,0.0604189929954484,-0.0027018436109345,0.0027018436109346,4500,121,ok,929,133.8,2026-07-14T14:34:29.463399
health,xgboost,95/5,75,horizontal,11,0.946962962962963,0.0059171597633136,0.4919002614826546,0.5012430465067348,0.0091093717897771,0.010752688172043,-0.010752688172043,3375,93,ok,930,136.8,2026-07-14T14:34:29.463399
health,xgboost,95/5,75,horizontal,22,0.9472748815165876,0.0059171597633136,0.4920132548860485,0.5013994903899199,0.0107103551401092,0.0109890109890109,-0.0109890109890109,3376,91,ok,931,141.7,2026-07-14T14:34:29.463399
health,xgboost,95/5,75,horizontal,33,0.9475555555555556,0.0118343195266272,0.4975773535331277,0.50435758396793,0.0319335215971254,-0.0032819634703196,0.0032819634703197,3375,96,ok,932,144.9,2026-07-14T14:34:29.463399
health,xgboost,95/5,75,horizontal,44,0.9484444444444444,0.0118343195266272,0.4979979757500324,0.5048254567065451,0.0408145694928819,-0.0012640449438202,0.0012640449438201,3375,89,ok,933,146.5,2026-07-14T14:34:29.463399
health,xgboost,95/5,75,horizontal,55,0.9472592592592592,0.0118343195266272,0.4974384628769525,0.5042016263883916,0.029587073342908,-0.0018315018315018,0.0018315018315018,3375,91,ok,934,150.8,2026-07-14T14:34:29.463399
health,xgboost,95/5,75,vertical,11,0.9477777777777778,0.0133333333333333,0.4990333594041268,0.5051461988304093,0.0376862637049753,0.0062280421590546,-0.0062280421590545,4500,124,ok,935,154.2,2026-07-14T14:34:29.463399
health,xgboost,95/5,75,vertical,22,0.948,0.0266666666666666,0.5110249251909929,0.511578947368421,0.0740556529598255,-0.0398124602670057,0.0398124602670058,4500,121,ok,936,155.7,2026-07-14T14:34:29.463399
health,xgboost,95/5,75,vertical,33,0.9475555555555556,0.0044444444444444,0.490734435751018,0.5008187134502924,0.0066492326480265,0.0078125,-0.0078125,4500,128,ok,937,157.3,2026-07-14T14:34:29.463399
health,xgboost,95/5,75,vertical,44,0.9491111111111112,0.0311111111111111,0.5157313302796916,0.5142690058479532,0.0985396128260481,-0.0125257650229903,0.0125257650229902,4500,119,ok,938,159.3,2026-07-14T14:34:29.463399
health,xgboost,95/5,75,vertical,55,0.9493333333333334,0.0222222222222222,0.5079976752170853,0.5101754385964912,0.0826404629111867,0.0055626191989828,-0.0055626191989828,4500,121,ok,939,161.2,2026-07-14T14:34:29.463399
health,xgboost,95/5,50,horizontal,11,0.9462222222222222,0.0178571428571428,0.5021714285714286,0.5063560737672057,0.0364776723526477,-0.0038709677419354,0.0038709677419355,2250,62,ok,940,165.3,2026-07-14T14:34:29.463399
health,xgboost,95/5,50,horizontal,22,0.9484444444444444,0.0357142857142857,0.519003951170608,0.5159862354670587,0.0954703245350647,-0.0051282051282051,0.0051282051282051,2250,60,ok,941,166.3,2026-07-14T14:34:29.463399
health,xgboost,95/5,50,horizontal,33,0.9453576188360728,0.0265486725663716,0.509192242034897,0.510234111774299,0.0532015724502629,0.0108418367346938,-0.0108418367346938,2251,64,ok,942,167.2,2026-07-14T14:34:29.463399
health,xgboost,95/5,50,horizontal,44,0.9471111111111112,0.0267857142857142,0.5104,0.5110542229052519,0.0634404722190923,-0.0566037735849056,0.0566037735849056,2250,59,ok,943,168.0,2026-07-14T14:34:29.463399
health,xgboost,95/5,50,horizontal,55,0.9462222222222222,0.0,0.4861840602877369,0.4978952291861553,-0.0145045910087376,0.0,0.0,2250,60,ok,944,168.8,2026-07-14T14:34:29.463399
health,xgboost,95/5,50,vertical,11,0.9475555555555556,0.0177777777777777,0.5029169693474825,0.5071345029239765,0.0479610587975876,0.0142925582880868,-0.0142925582880868,4500,124,ok,945,169.8,2026-07-14T14:34:29.463399
health,xgboost,95/5,50,vertical,22,0.9493333333333334,0.0311111111111111,0.515908949362,0.5143859649122807,0.1022161409944439,0.0042116973935155,-0.0042116973935155,4500,121,ok,946,170.9,2026-07-14T14:34:29.463399
health,xgboost,95/5,50,vertical,33,0.9471111111111112,0.0044444444444444,0.4905821917808219,0.5005847953216375,0.0044224848175113,0.0078125,-0.0078125,4500,128,ok,947,172.0,2026-07-14T14:34:29.463399
health,xgboost,95/5,50,vertical,44,0.9473333333333334,0.0311111111111111,0.5143440411402738,0.5133333333333333,0.0766819921400863,-0.0125257650229903,0.0125257650229902,4500,119,ok,948,173.1,2026-07-14T14:34:29.463399
health,xgboost,95/5,50,vertical,55,0.9486666666666668,0.0088888888888888,0.4953332281438506,0.5035087719298246,0.0324803936243358,-0.0013509218054672,0.0013509218054672,4500,121,ok,949,174.3,2026-07-14T14:34:29.463399
health,xgboost,95/5,25,horizontal,11,0.9431111111111112,0.0178571428571428,0.5004995004995005,0.504719029800882,0.0218689608960358,-0.04,0.04,1125,31,ok,950,175.1,2026-07-14T14:34:29.463399
health,xgboost,95/5,25,horizontal,22,0.9457777777777778,0.0178571428571428,0.5019269710627735,0.5061222103434452,0.0338650083286455,0.0333333333333333,-0.0333333333333333,1125,30,ok,951,175.8,2026-07-14T14:34:29.463399
health,xgboost,95/5,25,horizontal,33,0.9484444444444444,0.0535714285714285,0.5336087602927722,0.524447080048109,0.1265517853076411,0.0208333333333333,-0.0208333333333333,1125,32,ok,952,176.5,2026-07-14T14:34:29.463399
health,xgboost,95/5,25,horizontal,44,0.9457777777777778,0.0,0.4860666971219735,0.4976613657623948,-0.0152925937551654,0.0,0.0,1125,30,ok,953,177.4,2026-07-14T14:34:29.463399
health,xgboost,95/5,25,horizontal,55,0.9475555555555556,0.0178571428571428,0.5029169693474825,0.5070576640384873,0.0461508632968384,0.0333333333333333,-0.0333333333333333,1125,30,ok,954,178.4,2026-07-14T14:34:29.463399
health,xgboost,95/5,25,vertical,11,0.9484444444444444,0.0222222222222222,0.5074161239122106,0.5097076023391812,0.0689751195328362,0.0043915681890769,-0.0043915681890769,4500,124,ok,955,492.5,2026-07-14T14:34:29.463399
health,xgboost,95/5,25,vertical,22,0.9464444444444444,0.0222222222222222,0.5061473160962278,0.5086549707602339,0.04977602998567,-0.0123172282263191,0.0123172282263191,4500,121,ok,956,179.4,2026-07-14T14:34:29.463399
health,xgboost,95/5,25,vertical,33,0.948,0.0088888888888888,0.4950502456175348,0.5031578947368421,0.0256470402138165,0.015625,-0.015625,4500,128,ok,957,180.5,2026-07-14T14:34:29.463399
health,xgboost,95/5,25,vertical,44,0.9484444444444444,0.0311111111111111,0.5152041993346596,0.5139181286549708,0.0890163909315074,-0.0125257650229903,0.0125257650229902,4500,119,ok,958,181.5,2026-07-14T14:34:29.463399
health,xgboost,95/5,25,vertical,55,0.9473333333333334,0.0133333333333333,0.4988136474947026,0.5049122807017544,0.0339234732679838,-0.0109663064208518,0.0109663064208519,4500,121,ok,959,183.9,2026-07-14T14:34:29.463399
