"Name","State","dataset","classifier","imbalance","min_level","min_type","seed","accuracy","minority_recall","mcc"
"health-xgboost-95/5-vertical25-s55","finished","health","xgboost","95/5","25","vertical","55","0.9473333333333334","0.013333333333333334","0.0339234732679838"
"health-xgboost-95/5-vertical25-s44","finished","health","xgboost","95/5","25","vertical","44","0.9484444444444444","0.03111111111111111","0.08901639093150746"
"health-xgboost-95/5-vertical25-s33","finished","health","xgboost","95/5","25","vertical","33","0.948","0.008888888888888889","0.02564704021381658"
"health-xgboost-95/5-vertical25-s22","finished","health","xgboost","95/5","25","vertical","22","0.9464444444444444","0.022222222222222223","0.04977602998567008"
"health-xgboost-95/5-horizontal25-s44","finished","health","xgboost","95/5","25","horizontal","44","0.9457777777777778","0","-0.015292593755165404"
"health-xgboost-95/5-horizontal25-s55","finished","health","xgboost","95/5","25","horizontal","55","0.9475555555555556","0.017857142857142856","0.04615086329683844"
"health-xgboost-95/5-horizontal25-s33","finished","health","xgboost","95/5","25","horizontal","33","0.9484444444444444","0.05357142857142857","0.1265517853076411"
"health-xgboost-95/5-horizontal25-s22","finished","health","xgboost","95/5","25","horizontal","22","0.9457777777777778","0.017857142857142856","0.03386500832864552"
"health-xgboost-95/5-horizontal25-s11","finished","health","xgboost","95/5","25","horizontal","11","0.9431111111111112","0.017857142857142856","0.02186896089603587"
"health-xgboost-95/5-vertical50-s55","finished","health","xgboost","95/5","50","vertical","55","0.9486666666666668","0.008888888888888889","0.032480393624335815"
"health-xgboost-95/5-vertical50-s44","finished","health","xgboost","95/5","50","vertical","44","0.9473333333333334","0.03111111111111111","0.07668199214008634"
"health-xgboost-95/5-vertical50-s33","finished","health","xgboost","95/5","50","vertical","33","0.9471111111111112","0.0044444444444444444","0.0044224848175113"
"health-xgboost-95/5-vertical50-s22","finished","health","xgboost","95/5","50","vertical","22","0.9493333333333334","0.03111111111111111","0.10221614099444398"
"health-xgboost-95/5-vertical50-s11","finished","health","xgboost","95/5","50","vertical","11","0.9475555555555556","0.017777777777777778","0.04796105879758762"
"health-xgboost-95/5-horizontal50-s55","finished","health","xgboost","95/5","50","horizontal","55","0.9462222222222222","0","-0.014504591008737626"
"health-xgboost-95/5-horizontal50-s44","finished","health","xgboost","95/5","50","horizontal","44","0.9471111111111112","0.026785714285714284","0.06344047221909231"
"health-xgboost-95/5-horizontal50-s33","finished","health","xgboost","95/5","50","horizontal","33","0.9453576188360728","0.02654867256637168","0.053201572450262934"
"health-xgboost-95/5-horizontal50-s22","finished","health","xgboost","95/5","50","horizontal","22","0.9484444444444444","0.03571428571428571","0.09547032453506477"
"health-xgboost-95/5-horizontal50-s11","finished","health","xgboost","95/5","50","horizontal","11","0.9462222222222222","0.017857142857142856","0.03647767235264771"
"health-xgboost-95/5-vertical75-s55","finished","health","xgboost","95/5","75","vertical","55","0.9493333333333334","0.022222222222222223","0.08264046291118675"
"health-xgboost-95/5-vertical75-s44","finished","health","xgboost","95/5","75","vertical","44","0.9491111111111112","0.03111111111111111","0.09853961282604816"
"health-xgboost-95/5-vertical75-s33","finished","health","xgboost","95/5","75","vertical","33","0.9475555555555556","0.0044444444444444444","0.00664923264802652"
"health-xgboost-95/5-vertical75-s22","finished","health","xgboost","95/5","75","vertical","22","0.948","0.02666666666666667","0.07405565295982552"
"health-xgboost-95/5-vertical75-s11","finished","health","xgboost","95/5","75","vertical","11","0.9477777777777778","0.013333333333333334","0.03768626370497533"
"health-xgboost-95/5-horizontal75-s55","finished","health","xgboost","95/5","75","horizontal","55","0.9472592592592592","0.01183431952662722","0.029587073342908093"
"health-xgboost-95/5-horizontal75-s44","finished","health","xgboost","95/5","75","horizontal","44","0.9484444444444444","0.01183431952662722","0.040814569492881946"
"health-xgboost-95/5-horizontal75-s33","finished","health","xgboost","95/5","75","horizontal","33","0.9475555555555556","0.01183431952662722","0.031933521597125404"
"health-xgboost-95/5-horizontal75-s22","finished","health","xgboost","95/5","75","horizontal","22","0.9472748815165876","0.005917159763313609","0.01071035514010927"
"health-xgboost-95/5-horizontal75-s11","finished","health","xgboost","95/5","75","horizontal","11","0.946962962962963","0.005917159763313609","0.009109371789777197"
"health-xgboost-95/5-vertical100-s55","finished","health","xgboost","95/5","100","vertical","55","0.9486666666666668","0.017777777777777778","0.06041899299544848"
"health-xgboost-95/5-vertical100-s44","finished","health","xgboost","95/5","100","vertical","44","0.9482222222222222","0.03111111111111111","0.08624855383203384"
"health-xgboost-95/5-vertical100-s33","finished","health","xgboost","95/5","100","vertical","33","0.9475555555555556","0.017777777777777778","0.04796105879758762"
"health-xgboost-95/5-vertical100-s22","finished","health","xgboost","95/5","100","vertical","22","0.9466666666666668","0.013333333333333334","0.029173439044779752"
"health-xgboost-95/5-vertical100-s11","finished","health","xgboost","95/5","100","vertical","11","0.9471111111111112","0.008888888888888889","0.019113587340424485"
"health-xgboost-95/5-horizontal100-s55","finished","health","xgboost","95/5","100","horizontal","55","0.9486666666666668","0.017777777777777778","0.06041899299544848"
"health-xgboost-95/5-horizontal100-s44","finished","health","xgboost","95/5","100","horizontal","44","0.9482222222222222","0.03111111111111111","0.08624855383203384"
"health-xgboost-95/5-horizontal100-s33","finished","health","xgboost","95/5","100","horizontal","33","0.9475555555555556","0.017777777777777778","0.04796105879758762"
"health-xgboost-95/5-horizontal100-s22","finished","health","xgboost","95/5","100","horizontal","22","0.9466666666666668","0.013333333333333334","0.029173439044779752"
"health-xgboost-95/5-horizontal100-s11","finished","health","xgboost","95/5","100","horizontal","11","0.9471111111111112","0.008888888888888889","0.019113587340424485"
"health-xgboost-90/10-vertical25-s33","finished","health","xgboost","90/10","25","vertical","33","0.8957777777777778","0.028888888888888888","0.06328015873854298"
"health-xgboost-90/10-vertical25-s22","finished","health","xgboost","90/10","25","vertical","22","0.8908888888888888","0.03333333333333333","0.04695953870380525"
"health-xgboost-90/10-horizontal25-s55","finished","health","xgboost","90/10","25","horizontal","55","0.88","0.03571428571428571","0.016572570406069347"
"health-xgboost-90/10-horizontal25-s44","finished","health","xgboost","90/10","25","horizontal","44","0.8898756660746003","0.04424778761061947","0.06319504504801132"
"health-xgboost-90/10-horizontal25-s33","finished","health","xgboost","90/10","25","horizontal","33","0.88","0.017857142857142856","-0.013345786549541943"
"health-xgboost-90/10-horizontal25-s22","finished","health","xgboost","90/10","25","horizontal","22","0.8888888888888888","0.05357142857142857","0.07071589050585647"
"health-xgboost-90/10-horizontal25-s11","finished","health","xgboost","90/10","25","horizontal","11","0.8871111111111111","0.044642857142857144","0.05057528877950495"
"health-xgboost-90/10-vertical50-s55","finished","health","xgboost","90/10","50","vertical","55","0.8957777777777778","0.03777777777777778","0.08033283753824222"
"health-xgboost-90/10-vertical50-s44","finished","health","xgboost","90/10","50","vertical","44","0.8953333333333333","0.06222222222222222","0.11595005284924156"
"health-xgboost-90/10-vertical50-s33","finished","health","xgboost","90/10","50","vertical","33","0.894","0.03111111111111111","0.0573034069583544"
"health-xgboost-90/10-vertical50-s22","finished","health","xgboost","90/10","50","vertical","22","0.8904444444444445","0.03777777777777778","0.05311997495063776"
"health-xgboost-90/10-vertical50-s11","finished","health","xgboost","90/10","50","vertical","11","0.8951111111111111","0.04888888888888889","0.09489201175011625"
"health-xgboost-90/10-horizontal50-s55","finished","health","xgboost","90/10","50","horizontal","55","0.888","0.044444444444444446","0.05490329855117533"
"health-xgboost-90/10-horizontal50-s44","finished","health","xgboost","90/10","50","horizontal","44","0.8924444444444445","0.02666666666666667","0.04071619267950542"
"health-xgboost-90/10-horizontal50-s33","finished","health","xgboost","90/10","50","horizontal","33","0.8955555555555555","0.035555555555555556","0.07485459064012298"
"health-xgboost-90/10-horizontal50-s22","finished","health","xgboost","90/10","50","horizontal","22","0.892","0.05333333333333334","0.08537862734256924"
"health-xgboost-90/10-horizontal50-s11","finished","health","xgboost","90/10","50","horizontal","11","0.8884444444444445","0.022222222222222223","0.016529766634975438"
"health-xgboost-90/10-vertical75-s55","finished","health","xgboost","90/10","75","vertical","55","0.8948888888888888","0.035555555555555556","0.07078656153679073"
"health-xgboost-90/10-vertical75-s44","finished","health","xgboost","90/10","75","vertical","44","0.896","0.05333333333333334","0.10721564963974171"
"health-xgboost-90/10-vertical75-s33","finished","health","xgboost","90/10","75","vertical","33","0.894","0.03333333333333333","0.06160076554137981"
"health-xgboost-90/10-vertical75-s22","finished","health","xgboost","90/10","75","vertical","22","0.8924444444444445","0.044444444444444446","0.07338845176628282"
"health-xgboost-90/10-vertical75-s11","finished","health","xgboost","90/10","75","vertical","11","0.8924444444444445","0.035555555555555556","0.057921098081239776"
"health-xgboost-90/10-horizontal75-s55","finished","health","xgboost","90/10","75","horizontal","55","0.8954074074074074","0.04154302670623145","0.08369843000178141"
"health-xgboost-90/10-horizontal75-s44","finished","health","xgboost","90/10","75","horizontal","44","0.896","0.06231454005934718","0.11921253508455672"
"health-xgboost-90/10-horizontal75-s33","finished","health","xgboost","90/10","75","horizontal","33","0.8945497630331753","0.01775147928994083","0.03150888173243235"
"health-xgboost-90/10-horizontal75-s22","finished","health","xgboost","90/10","75","horizontal","22","0.8939259259259259","0.05029585798816568","0.09118430364136636"
"health-xgboost-90/10-horizontal75-s11","finished","health","xgboost","90/10","75","horizontal","11","0.8903703703703704","0.03550295857988166","0.04938692948925671"
"health-xgboost-90/10-vertical100-s55","finished","health","xgboost","90/10","100","vertical","55","0.894","0.035555555555555556","0.06577089120552777"
"health-xgboost-90/10-vertical100-s44","finished","health","xgboost","90/10","100","vertical","44","0.8957777777777778","0.06222222222222222","0.11861656333808396"
"health-xgboost-90/10-vertical100-s33","finished","health","xgboost","90/10","100","vertical","33","0.8922222222222222","0.015555555555555557","0.014988949722867606"
"health-xgboost-90/10-vertical100-s22","finished","health","xgboost","90/10","100","vertical","22","0.8937777777777778","0.044444444444444446","0.0801490435792208"
"health-xgboost-90/10-vertical100-s11","finished","health","xgboost","90/10","100","vertical","11","0.8915555555555555","0.022222222222222223","0.02758193697643916"
"health-xgboost-90/10-horizontal100-s55","finished","health","xgboost","90/10","100","horizontal","55","0.894","0.035555555555555556","0.06577089120552777"
"health-xgboost-90/10-horizontal100-s44","finished","health","xgboost","90/10","100","horizontal","44","0.8957777777777778","0.06222222222222222","0.11861656333808396"
"health-xgboost-90/10-horizontal100-s33","finished","health","xgboost","90/10","100","horizontal","33","0.8922222222222222","0.015555555555555557","0.014988949722867606"
"health-xgboost-90/10-horizontal100-s22","finished","health","xgboost","90/10","100","horizontal","22","0.8937777777777778","0.044444444444444446","0.0801490435792208"
"health-xgboost-90/10-horizontal100-s11","finished","health","xgboost","90/10","100","horizontal","11","0.8915555555555555","0.022222222222222223","0.02758193697643916"
"health-xgboost-80/20-horizontal25-s55","finished","health","xgboost","80/20","25","horizontal","55","0.7804444444444445","0.14222222222222222","0.12377836012871082"
"health-xgboost-80/20-vertical25-s33","finished","health","xgboost","80/20","25","vertical","33","0.7868888888888889","0.12666666666666668","0.12868258068079513"
"health-xgboost-80/20-horizontal25-s33","finished","health","xgboost","80/20","25","horizontal","33","0.7733333333333333","0.17777777777777778","0.13467381103397458"
"health-xgboost-80/20-horizontal25-s44","finished","health","xgboost","80/20","25","horizontal","44","0.7804444444444445","0.14222222222222222","0.12377836012871082"
"health-xgboost-80/20-horizontal25-s22","finished","health","xgboost","80/20","25","horizontal","22","0.7777777777777778","0.13333333333333333","0.10930932902440078"
"health-xgboost-80/20-horizontal25-s11","finished","health","xgboost","80/20","25","horizontal","11","0.7795555555555556","0.17333333333333334","0.14614608731209217"
"health-xgboost-80/20-vertical50-s55","finished","health","xgboost","80/20","50","vertical","55","0.784","0.09777777777777778","0.09348647071939532"
"health-xgboost-80/20-vertical50-s44","finished","health","xgboost","80/20","50","vertical","44","0.7848888888888889","0.12333333333333334","0.11991564048185284"
"health-xgboost-80/20-vertical50-s33","finished","health","xgboost","80/20","50","vertical","33","0.7904444444444444","0.11222222222222222","0.12732407446405417"
"health-xgboost-80/20-vertical50-s22","finished","health","xgboost","80/20","50","vertical","22","0.7957777777777778","0.1711111111111111","0.1896162973706129"
"health-xgboost-80/20-vertical50-s11","finished","health","xgboost","80/20","50","vertical","11","0.788","0.10888888888888888","0.11641710001743984"
"health-xgboost-80/20-horizontal50-s55","finished","health","xgboost","80/20","50","horizontal","55","0.7946666666666666","0.1288888888888889","0.15542015733589645"
"health-xgboost-80/20-horizontal50-s44","finished","health","xgboost","80/20","50","horizontal","44","0.7884444444444444","0.14222222222222222","0.14609053946856626"
"health-xgboost-80/20-horizontal50-s33","finished","health","xgboost","80/20","50","horizontal","33","0.788","0.14666666666666667","0.14828271737717538"
"health-xgboost-80/20-horizontal50-s22","finished","health","xgboost","80/20","50","horizontal","22","0.7831111111111111","0.13333333333333333","0.12349488360590168"
"health-xgboost-80/20-horizontal50-s11","finished","health","xgboost","80/20","50","horizontal","11","0.7822222222222223","0.1622222222222222","0.1444480610885959"
"health-xgboost-80/20-vertical75-s55","finished","health","xgboost","80/20","75","vertical","55","0.7884444444444444","0.11444444444444445","0.12283098727997556"
"health-xgboost-80/20-vertical75-s44","finished","health","xgboost","80/20","75","vertical","44","0.7873333333333333","0.12666666666666668","0.130015055246488"
"health-xgboost-80/20-vertical75-s33","finished","health","xgboost","80/20","75","vertical","33","0.7871111111111111","0.12333333333333334","0.1264932808553767"
"health-xgboost-80/20-vertical75-s22","finished","health","xgboost","80/20","75","vertical","22","0.7911111111111111","0.15666666666666668","0.16510363105885192"
"health-xgboost-80/20-vertical75-s11","finished","health","xgboost","80/20","75","vertical","11","0.7884444444444444","0.12","0.12770228899898367"
"health-xgboost-80/20-horizontal75-s55","finished","health","xgboost","80/20","75","horizontal","55","0.7851851851851852","0.11851851851851852","0.11652714357586216"
"health-xgboost-80/20-horizontal75-s44","finished","health","xgboost","80/20","75","horizontal","44","0.7905185185185185","0.1288888888888889","0.14171334749890116"
"health-xgboost-80/20-horizontal75-s33","finished","health","xgboost","80/20","75","horizontal","33","0.7845925925925926","0.1125925925925926","0.10941313636798251"
"health-xgboost-80/20-horizontal75-s22","finished","health","xgboost","80/20","75","horizontal","22","0.784","0.10222222222222224","0.09785713610037922"
"health-xgboost-80/20-horizontal75-s11","finished","health","xgboost","80/20","75","horizontal","11","0.7872592592592592","0.13333333333333333","0.13537869570177813"
"health-xgboost-80/20-vertical100-s55","finished","health","xgboost","80/20","100","vertical","55","0.7866666666666666","0.1288888888888889","0.12990719361155006"
"health-xgboost-80/20-vertical100-s44","finished","health","xgboost","80/20","100","vertical","44","0.7868888888888889","0.1322222222222222","0.13336084811643892"
"health-xgboost-80/20-vertical100-s33","finished","health","xgboost","80/20","100","vertical","33","0.7891111111111111","0.11777777777777776","0.12787048793536968"
"health-xgboost-80/20-vertical100-s22","finished","health","xgboost","80/20","100","vertical","22","0.79","0.1411111111111111","0.14989852064372167"
"health-xgboost-80/20-horizontal100-s55","finished","health","xgboost","80/20","100","horizontal","55","0.7866666666666666","0.1288888888888889","0.12990719361155006"
"health-xgboost-80/20-vertical100-s11","finished","health","xgboost","80/20","100","vertical","11","0.7948888888888889","0.13111111111111112","0.1579115803291266"
"health-xgboost-80/20-horizontal100-s44","finished","health","xgboost","80/20","100","horizontal","44","0.7868888888888889","0.1322222222222222","0.13336084811643892"
"health-xgboost-80/20-horizontal100-s33","finished","health","xgboost","80/20","100","horizontal","33","0.7891111111111111","0.11777777777777776","0.12787048793536968"
"health-xgboost-80/20-horizontal100-s22","finished","health","xgboost","80/20","100","horizontal","22","0.79","0.1411111111111111","0.14989852064372167"
"health-xgboost-80/20-horizontal100-s11","finished","health","xgboost","80/20","100","horizontal","11","0.7948888888888889","0.13111111111111112","0.1579115803291266"
"health-xgboost-50/50-horizontal25-s55","finished","health","xgboost","50/50","25","horizontal","55","0.5884444444444444","0.5790408525754884","0.1769363803052537"
"health-xgboost-50/50-horizontal25-s33","finished","health","xgboost","50/50","25","horizontal","33","0.5911111111111111","0.5932504440497336","0.18222014330645284"
"health-xgboost-50/50-horizontal25-s44","finished","health","xgboost","50/50","25","horizontal","44","0.6053333333333333","0.603202846975089","0.210664879925273"
"health-xgboost-50/50-horizontal25-s22","finished","health","xgboost","50/50","25","horizontal","22","0.6088888888888889","0.6192170818505338","0.21784156761661055"
"health-xgboost-50/50-horizontal25-s11","finished","health","xgboost","50/50","25","horizontal","11","0.6106666666666667","0.6269982238010657","0.22142397342830616"
"health-xgboost-50/50-vertical50-s55","finished","health","xgboost","50/50","50","vertical","55","0.6111111111111112","0.6008888888888889","0.2222686784868685"
"health-xgboost-50/50-vertical50-s44","finished","health","xgboost","50/50","50","vertical","44","0.6146666666666667","0.6","0.22943206134667796"
"health-xgboost-50/50-vertical50-s33","finished","health","xgboost","50/50","50","vertical","33","0.6144444444444445","0.6124444444444445","0.22889072002197364"
"health-xgboost-50/50-vertical50-s22","finished","health","xgboost","50/50","50","vertical","22","0.6222222222222222","0.6133333333333333","0.244483081861072"
"health-xgboost-50/50-vertical50-s11","finished","health","xgboost","50/50","50","vertical","11","0.6091111111111112","0.5933333333333334","0.2183309511549929"
"health-xgboost-50/50-horizontal50-s55","finished","health","xgboost","50/50","50","horizontal","55","0.6066666666666667","0.6044444444444445","0.21333544036043336"
"health-xgboost-50/50-horizontal50-s33","finished","health","xgboost","50/50","50","horizontal","33","0.6075555555555555","0.5955555555555555","0.21517308988722797"
"health-xgboost-50/50-horizontal50-s44","finished","health","xgboost","50/50","50","horizontal","44","0.6066666666666667","0.6115555555555555","0.21334353192469824"
"health-xgboost-50/50-horizontal50-s22","finished","health","xgboost","50/50","50","horizontal","22","0.6186666666666667","0.6008888888888889","0.2374834938297344"
"health-xgboost-50/50-horizontal50-s11","finished","health","xgboost","50/50","50","horizontal","11","0.5986666666666667","0.6168888888888889","0.19746451284507935"
"health-xgboost-50/50-vertical75-s55","finished","health","xgboost","50/50","75","vertical","55","0.6046666666666667","0.5902222222222222","0.20942073948724688"
"health-xgboost-50/50-vertical75-s44","finished","health","xgboost","50/50","75","vertical","44","0.6237777777777778","0.6044444444444445","0.24774082486097088"
"health-xgboost-50/50-vertical75-s33","finished","health","xgboost","50/50","75","vertical","33","0.6046666666666667","0.6133333333333333","0.20936478693957528"
"health-xgboost-50/50-vertical75-s22","finished","health","xgboost","50/50","75","vertical","22","0.6193333333333333","0.6253333333333333","0.23868385252276145"
"health-xgboost-50/50-vertical75-s11","finished","health","xgboost","50/50","75","vertical","11","0.6144444444444445","0.5906666666666667","0.22914814835767192"
"health-xgboost-50/50-horizontal75-s44","finished","health","xgboost","50/50","75","horizontal","44","0.6214454976303317","0.6172985781990521","0.242899349655794"
"health-xgboost-50/50-horizontal75-s55","finished","health","xgboost","50/50","75","horizontal","55","0.6134478672985783","0.5983412322274881","0.2269993654947252"
"health-xgboost-50/50-horizontal75-s33","finished","health","xgboost","50/50","75","horizontal","33","0.606931279620853","0.5781990521327014","0.21421654073969829"
"health-xgboost-50/50-horizontal75-s22","finished","health","xgboost","50/50","75","horizontal","22","0.6195555555555555","0.6052163604030824","0.2392014200375842"
"health-xgboost-50/50-horizontal75-s11","finished","health","xgboost","50/50","75","horizontal","11","0.6042654028436019","0.6072274881516587","0.20853446506098883"
"health-xgboost-50/50-vertical100-s55","finished","health","xgboost","50/50","100","vertical","55","0.6102222222222222","0.6026666666666667","0.22046961752382505"
"health-xgboost-50/50-vertical100-s44","finished","health","xgboost","50/50","100","vertical","44","0.614","0.5933333333333334","0.22819501257838912"
"health-xgboost-50/50-vertical100-s33","finished","health","xgboost","50/50","100","vertical","33","0.6073333333333333","0.6186666666666667","0.21472183340664233"
"health-xgboost-50/50-vertical100-s22","finished","health","xgboost","50/50","100","vertical","22","0.6228888888888889","0.6226666666666667","0.24577780205212985"
"health-xgboost-50/50-vertical100-s11","finished","health","xgboost","50/50","100","vertical","11","0.618","0.5924444444444444","0.2363088620628888"
"health-xgboost-50/50-horizontal100-s55","finished","health","xgboost","50/50","100","horizontal","55","0.6102222222222222","0.6026666666666667","0.22046961752382505"
"health-xgboost-50/50-horizontal100-s44","finished","health","xgboost","50/50","100","horizontal","44","0.614","0.5933333333333334","0.22819501257838912"
"health-xgboost-50/50-horizontal100-s33","finished","health","xgboost","50/50","100","horizontal","33","0.6073333333333333","0.6186666666666667","0.21472183340664233"
"health-xgboost-50/50-horizontal100-s22","finished","health","xgboost","50/50","100","horizontal","22","0.6228888888888889","0.6226666666666667","0.24577780205212985"
"health-xgboost-50/50-horizontal100-s11","finished","health","xgboost","50/50","100","horizontal","11","0.618","0.5924444444444444","0.2363088620628888"
"health-xgboost-95/5-vertical25-s11","finished","health","xgboost","95/5","25","vertical","11","0.9484444444444444","0.022222222222222223","0.0689751195328362"
"health-xgboost-90/10-vertical25-s55","finished","health","xgboost","90/10","25","vertical","55","0.8951111111111111","0.02666666666666667","0.05449497313526415"
"health-xgboost-90/10-vertical25-s44","finished","health","xgboost","90/10","25","vertical","44","0.894","0.057777777777777775","0.10209007363267351"
"health-xgboost-90/10-vertical25-s11","finished","health","xgboost","90/10","25","vertical","11","0.8933333333333333","0.03333333333333333","0.05812381937190964"
"health-xgboost-80/20-vertical25-s55","finished","health","xgboost","80/20","25","vertical","55","0.7873333333333333","0.11222222222222222","0.11736026816001556"
"health-xgboost-80/20-vertical25-s44","finished","health","xgboost","80/20","25","vertical","44","0.7811111111111111","0.11555555555555556","0.10222939611188428"
"health-xgboost-80/20-vertical25-s22","finished","health","xgboost","80/20","25","vertical","22","0.7946666666666666","0.15444444444444444","0.1745170511881029"
"health-xgboost-80/20-vertical25-s11","finished","health","xgboost","80/20","25","vertical","11","0.7926666666666666","0.11666666666666668","0.1386322113360514"
"health-xgboost-50/50-vertical25-s44","finished","health","xgboost","50/50","25","vertical","44","0.618","0.6026666666666667","0.23611105077840164"
"health-xgboost-50/50-vertical25-s55","finished","health","xgboost","50/50","25","vertical","55","0.6024444444444444","0.5866666666666667","0.20499097450601167"
"health-xgboost-50/50-vertical25-s33","finished","health","xgboost","50/50","25","vertical","33","0.6155555555555555","0.6231111111111111","0.23113750224271976"
"health-xgboost-50/50-vertical25-s22","finished","health","xgboost","50/50","25","vertical","22","0.61","0.5902222222222222","0.2201723128496076"
"health-xgboost-50/50-vertical25-s11","finished","health","xgboost","50/50","25","vertical","11","0.6086666666666667","0.5951111111111111","0.2174132487316998"
"health-random_forest-95/5-vertical25-s55","finished","health","random_forest","95/5","25","vertical","55","0.9504444444444444","0.013333333333333334","0.095800567023728"
"health-random_forest-95/5-vertical25-s44","finished","health","random_forest","95/5","25","vertical","44","0.9497777777777778","0","-0.0034203078956098285"
"health-random_forest-95/5-vertical25-s33","finished","health","random_forest","95/5","25","vertical","33","0.95","0","0"
"health-random_forest-95/5-vertical25-s22","finished","health","random_forest","95/5","25","vertical","22","0.95","0","0"
"health-random_forest-95/5-vertical25-s11","finished","health","random_forest","95/5","25","vertical","11","0.9497777777777778","0","-0.0034203078956098285"
"health-random_forest-95/5-horizontal25-s44","finished","health","random_forest","95/5","25","horizontal","44","0.9502222222222222","0","0"
"health-random_forest-95/5-horizontal25-s55","finished","health","random_forest","95/5","25","horizontal","55","0.9502222222222222","0","0"
"health-random_forest-95/5-horizontal25-s33","finished","health","random_forest","95/5","25","horizontal","33","0.9502222222222222","0","0"
"health-random_forest-95/5-horizontal25-s11","finished","health","random_forest","95/5","25","horizontal","11","0.9502222222222222","0","0"
"health-random_forest-95/5-horizontal25-s22","finished","health","random_forest","95/5","25","horizontal","22","0.9502222222222222","0","0"
"health-random_forest-95/5-vertical50-s55","finished","health","random_forest","95/5","50","vertical","55","0.9502222222222222","0.0044444444444444444","0.06498585001658674"
"health-random_forest-95/5-vertical50-s44","finished","health","random_forest","95/5","50","vertical","44","0.9497777777777778","0","-0.0034203078956098285"
"health-random_forest-95/5-vertical50-s33","finished","health","random_forest","95/5","50","vertical","33","0.95","0","0"
"health-random_forest-95/5-vertical50-s22","finished","health","random_forest","95/5","50","vertical","22","0.9495555555555556","0","-0.0048375834720891546"
"health-random_forest-95/5-vertical50-s11","finished","health","random_forest","95/5","50","vertical","11","0.95","0","0"
"health-random_forest-95/5-horizontal50-s55","finished","health","random_forest","95/5","50","horizontal","55","0.9502222222222222","0","0"
"health-random_forest-95/5-horizontal50-s44","finished","health","random_forest","95/5","50","horizontal","44","0.9497777777777778","0","-0.004826256873845619"
"health-random_forest-95/5-horizontal50-s33","finished","health","random_forest","95/5","50","horizontal","33","0.9498000888494004","0","0"
"health-random_forest-95/5-horizontal50-s22","finished","health","random_forest","95/5","50","horizontal","22","0.9502222222222222","0","0"
"health-random_forest-95/5-horizontal50-s11","finished","health","random_forest","95/5","50","horizontal","11","0.9502222222222222","0","0"
"health-random_forest-95/5-vertical75-s55","finished","health","random_forest","95/5","75","vertical","55","0.95","0","0"
"health-random_forest-95/5-vertical75-s44","finished","health","random_forest","95/5","75","vertical","44","0.95","0","0"
"health-random_forest-95/5-vertical75-s33","finished","health","random_forest","95/5","75","vertical","33","0.95","0","0"
"health-random_forest-95/5-vertical75-s22","finished","health","random_forest","95/5","75","vertical","22","0.9497777777777778","0","-0.0034203078956098285"
"health-random_forest-95/5-vertical75-s11","finished","health","random_forest","95/5","75","vertical","11","0.95","0","0"
"health-random_forest-95/5-horizontal75-s55","finished","health","random_forest","95/5","75","horizontal","55","0.949925925925926","0","0"
"health-random_forest-95/5-horizontal75-s44","finished","health","random_forest","95/5","75","horizontal","44","0.9496296296296296","0","-0.003952656317369214"
"health-random_forest-95/5-horizontal75-s33","finished","health","random_forest","95/5","75","horizontal","33","0.949925925925926","0","0"
"health-random_forest-95/5-horizontal75-s22","finished","health","random_forest","95/5","75","horizontal","22","0.9499407582938388","0","0"
"health-random_forest-95/5-horizontal75-s11","finished","health","random_forest","95/5","75","horizontal","11","0.949925925925926","0","0"
"health-random_forest-95/5-vertical100-s55","finished","health","random_forest","95/5","100","vertical","55","0.95","0","0"
"health-random_forest-95/5-vertical100-s44","finished","health","random_forest","95/5","100","vertical","44","0.95","0","0"
"health-random_forest-95/5-vertical100-s33","finished","health","random_forest","95/5","100","vertical","33","0.95","0","0"
"health-random_forest-95/5-vertical100-s11","finished","health","random_forest","95/5","100","vertical","11","0.95","0","0"
"health-random_forest-95/5-vertical100-s22","finished","health","random_forest","95/5","100","vertical","22","0.95","0","0"
"health-random_forest-95/5-horizontal100-s55","finished","health","random_forest","95/5","100","horizontal","55","0.95","0","0"
"health-random_forest-95/5-horizontal100-s44","finished","health","random_forest","95/5","100","horizontal","44","0.95","0","0"
"health-random_forest-95/5-horizontal100-s33","finished","health","random_forest","95/5","100","horizontal","33","0.95","0","0"
"health-random_forest-95/5-horizontal100-s22","finished","health","random_forest","95/5","100","horizontal","22","0.95","0","0"
"health-random_forest-95/5-horizontal100-s11","finished","health","random_forest","95/5","100","horizontal","11","0.95","0","0"
"health-random_forest-90/10-vertical25-s55","finished","health","random_forest","90/10","25","vertical","55","0.8991111111111111","0.006666666666666667","0.031461945212200575"
"health-random_forest-90/10-vertical25-s44","finished","health","random_forest","90/10","25","vertical","44","0.8997777777777778","0.015555555555555557","0.07068293612920713"
"health-random_forest-90/10-vertical25-s33","finished","health","random_forest","90/10","25","vertical","33","0.8988888888888888","0.0022222222222222222","0.005638749098809024"
"health-random_forest-90/10-vertical25-s22","finished","health","random_forest","90/10","25","vertical","22","0.9","0.013333333333333334","0.06894502533266922"
"health-random_forest-90/10-horizontal25-s55","finished","health","random_forest","90/10","25","horizontal","55","0.9004444444444445","0","0"
"health-random_forest-90/10-vertical25-s11","finished","health","random_forest","90/10","25","vertical","11","0.8991111111111111","0.0022222222222222222","0.008119823280465219"
"health-random_forest-90/10-horizontal25-s33","finished","health","random_forest","90/10","25","horizontal","33","0.9004444444444445","0","0"
"health-random_forest-90/10-horizontal25-s44","finished","health","random_forest","90/10","25","horizontal","44","0.8987566607460036","0","-0.009957681654547478"
"health-random_forest-90/10-horizontal25-s22","finished","health","random_forest","90/10","25","horizontal","22","0.9004444444444445","0","0"
"health-random_forest-90/10-horizontal25-s11","finished","health","random_forest","90/10","25","horizontal","11","0.9004444444444445","0","0"
"health-random_forest-90/10-vertical50-s55","finished","health","random_forest","90/10","50","vertical","55","0.8997777777777778","0.0044444444444444444","0.033351867298253506"
"health-random_forest-90/10-vertical50-s44","finished","health","random_forest","90/10","50","vertical","44","0.9015555555555556","0.022222222222222223","0.12007380882576138"
"health-random_forest-90/10-vertical50-s22","finished","health","random_forest","90/10","50","vertical","22","0.9004444444444445","0.006666666666666667","0.06462624851278848"
"health-random_forest-90/10-vertical50-s33","finished","health","random_forest","90/10","50","vertical","33","0.8995555555555556","0","-0.007028845828593079"
"health-random_forest-90/10-vertical50-s11","finished","health","random_forest","90/10","50","vertical","11","0.8997777777777778","0","-0.004969592157585834"
"health-random_forest-90/10-horizontal50-s55","finished","health","random_forest","90/10","50","horizontal","55","0.9","0","0"
"health-random_forest-90/10-horizontal50-s44","finished","health","random_forest","90/10","50","horizontal","44","0.8995555555555556","0.0044444444444444444","0.028419381481628266"
"health-random_forest-90/10-horizontal50-s33","finished","health","random_forest","90/10","50","horizontal","33","0.9","0","0"
"health-random_forest-90/10-horizontal50-s22","finished","health","random_forest","90/10","50","horizontal","22","0.9","0","0"
"health-random_forest-90/10-horizontal50-s11","finished","health","random_forest","90/10","50","horizontal","11","0.9","0","0"
"health-random_forest-90/10-vertical75-s55","finished","health","random_forest","90/10","75","vertical","55","0.8995555555555556","0","-0.007028845828593079"
"health-random_forest-90/10-vertical75-s44","finished","health","random_forest","90/10","75","vertical","44","0.9013333333333332","0.017777777777777778","0.11011680824270202"
"health-random_forest-90/10-vertical75-s22","finished","health","random_forest","90/10","75","vertical","22","0.9","0.0022222222222222222","0.028115383314372317"
"health-random_forest-90/10-vertical75-s33","finished","health","random_forest","90/10","75","vertical","33","0.8997777777777778","0","-0.004969592157585834"
"health-random_forest-90/10-vertical75-s11","finished","health","random_forest","90/10","75","vertical","11","0.8995555555555556","0","-0.007028845828593079"
"health-random_forest-90/10-horizontal75-s55","finished","health","random_forest","90/10","75","horizontal","55","0.9007407407407408","0.008902077151335312","0.074701253813006"
"health-random_forest-90/10-horizontal75-s44","finished","health","random_forest","90/10","75","horizontal","44","0.9007407407407408","0.008902077151335312","0.074701253813006"
"health-random_forest-90/10-horizontal75-s22","finished","health","random_forest","90/10","75","horizontal","22","0.9010370370370372","0.01183431952662722","0.10325584978054732"
"health-random_forest-90/10-horizontal75-s33","finished","health","random_forest","90/10","75","horizontal","33","0.8992890995260664","0","-0.008120951636117524"
"health-random_forest-90/10-horizontal75-s11","finished","health","random_forest","90/10","75","horizontal","11","0.8998518518518519","0","0"
"health-random_forest-90/10-vertical100-s55","finished","health","random_forest","90/10","100","vertical","55","0.8997777777777778","0","-0.004969592157585834"
"health-random_forest-90/10-vertical100-s44","finished","health","random_forest","90/10","100","vertical","44","0.9004444444444445","0.013333333333333334","0.07865486303050144"
"health-random_forest-90/10-vertical100-s33","finished","health","random_forest","90/10","100","vertical","33","0.9","0","0"
"health-random_forest-90/10-vertical100-s11","finished","health","random_forest","90/10","100","vertical","11","0.9","0","0"
"health-random_forest-90/10-vertical100-s22","finished","health","random_forest","90/10","100","vertical","22","0.8995555555555556","0","-0.007028845828593079"
"health-random_forest-90/10-horizontal100-s55","finished","health","random_forest","90/10","100","horizontal","55","0.8997777777777778","0","-0.004969592157585834"
"health-random_forest-90/10-horizontal100-s33","finished","health","random_forest","90/10","100","horizontal","33","0.9","0","0"
"health-random_forest-90/10-horizontal100-s44","finished","health","random_forest","90/10","100","horizontal","44","0.9004444444444445","0.013333333333333334","0.07865486303050144"
"health-random_forest-90/10-horizontal100-s22","finished","health","random_forest","90/10","100","horizontal","22","0.8995555555555556","0","-0.007028845828593079"
"health-random_forest-90/10-horizontal100-s11","finished","health","random_forest","90/10","100","horizontal","11","0.9","0","0"
"health-random_forest-80/20-vertical25-s55","finished","health","random_forest","80/20","25","vertical","55","0.7957777777777778","0.06333333333333334","0.09972319306153296"
"health-random_forest-80/20-vertical25-s44","finished","health","random_forest","80/20","25","vertical","44","0.7955555555555556","0.07777777777777778","0.11400364817511333"
"health-random_forest-80/20-vertical25-s33","finished","health","random_forest","80/20","25","vertical","33","0.7977777777777778","0.05333333333333334","0.09817295055746882"
"health-random_forest-80/20-vertical25-s22","finished","health","random_forest","80/20","25","vertical","22","0.8037777777777778","0.08888888888888889","0.16279510004775716"
"health-random_forest-80/20-vertical25-s11","finished","health","random_forest","80/20","25","vertical","11","0.7988888888888889","0.05333333333333334","0.10426706209404192"
"health-random_forest-80/20-horizontal25-s55","finished","health","random_forest","80/20","25","horizontal","55","0.7964444444444444","0.013333333333333334","0.02367568619051892"
"health-random_forest-80/20-horizontal25-s44","finished","health","random_forest","80/20","25","horizontal","44","0.8008888888888889","0.022222222222222223","0.07982457867856663"
"health-random_forest-80/20-horizontal25-s33","finished","health","random_forest","80/20","25","horizontal","33","0.8","0.044444444444444446","0.10090091909944689"
"health-random_forest-80/20-horizontal25-s22","finished","health","random_forest","80/20","25","horizontal","22","0.7982222222222223","0.02666666666666667","0.06414590543443996"
"health-random_forest-80/20-horizontal25-s11","finished","health","random_forest","80/20","25","horizontal","11","0.7964444444444444","0.035555555555555556","0.06726727939963124"
"health-random_forest-80/20-vertical50-s44","finished","health","random_forest","80/20","50","vertical","44","0.7988888888888889","0.05444444444444444","0.10550219699729792"
"health-random_forest-80/20-vertical50-s55","finished","health","random_forest","80/20","50","vertical","55","0.8011111111111111","0.044444444444444446","0.10849075915068657"
"health-random_forest-80/20-vertical50-s33","finished","health","random_forest","80/20","50","vertical","33","0.802","0.04666666666666667","0.11717001988274148"
"health-random_forest-80/20-vertical50-s22","finished","health","random_forest","80/20","50","vertical","22","0.8057777777777778","0.0811111111111111","0.1689695355896501"
"health-random_forest-80/20-horizontal50-s55","finished","health","random_forest","80/20","50","horizontal","55","0.8017777777777778","0.02666666666666667","0.09470274476207569"
"health-random_forest-80/20-vertical50-s11","finished","health","random_forest","80/20","50","vertical","11","0.8013333333333333","0.03777777777777778","0.10294476489951028"
"health-random_forest-80/20-horizontal50-s33","finished","health","random_forest","80/20","50","horizontal","33","0.7986666666666666","0.03333333333333333","0.07763891870464056"
"health-random_forest-80/20-horizontal50-s44","finished","health","random_forest","80/20","50","horizontal","44","0.8031111111111111","0.04666666666666667","0.1257034383054253"
"health-random_forest-80/20-horizontal50-s22","finished","health","random_forest","80/20","50","horizontal","22","0.8031111111111111","0.044444444444444446","0.12385256079073612"
"health-random_forest-80/20-horizontal50-s11","finished","health","random_forest","80/20","50","horizontal","11","0.7995555555555556","0.03333333333333333","0.08388091954774911"
"health-random_forest-80/20-vertical75-s55","finished","health","random_forest","80/20","75","vertical","55","0.7993333333333333","0.03666666666666667","0.08680921260109983"
"health-random_forest-80/20-vertical75-s44","finished","health","random_forest","80/20","75","vertical","44","0.798","0.05333333333333334","0.09936414126574186"
"health-random_forest-80/20-vertical75-s33","finished","health","random_forest","80/20","75","vertical","33","0.8011111111111111","0.028888888888888888","0.0907136872619186"
"health-random_forest-80/20-vertical75-s22","finished","health","random_forest","80/20","75","vertical","22","0.8008888888888889","0.06222222222222222","0.1248692225557812"
"health-random_forest-80/20-vertical75-s11","finished","health","random_forest","80/20","75","vertical","11","0.8002222222222222","0.03","0.08445247023251107"
"health-random_forest-80/20-horizontal75-s55","finished","health","random_forest","80/20","75","horizontal","55","0.8011851851851852","0.025185185185185185","0.08681084936523603"
"health-random_forest-80/20-horizontal75-s44","finished","health","random_forest","80/20","75","horizontal","44","0.8035555555555556","0.04","0.12428269177922743"
"health-random_forest-80/20-horizontal75-s33","finished","health","random_forest","80/20","75","horizontal","33","0.7991111111111111","0.022222222222222223","0.06323522992684352"
"health-random_forest-80/20-horizontal75-s22","finished","health","random_forest","80/20","75","horizontal","22","0.8017777777777778","0.028148148148148148","0.09630911150881367"
"health-random_forest-80/20-horizontal75-s11","finished","health","random_forest","80/20","75","horizontal","11","0.8005925925925926","0.028148148148148148","0.08508687157616317"
"health-random_forest-80/20-vertical100-s44","finished","health","random_forest","80/20","100","vertical","44","0.8011111111111111","0.034444444444444444","0.09736895198476164"
"health-random_forest-80/20-vertical100-s55","finished","health","random_forest","80/20","100","vertical","55","0.8004444444444444","0.03111111111111111","0.08775802613871593"
"health-random_forest-80/20-vertical100-s22","finished","health","random_forest","80/20","100","vertical","22","0.806","0.06333333333333334","0.15977491845378725"
"health-random_forest-80/20-vertical100-s33","finished","health","random_forest","80/20","100","vertical","33","0.8011111111111111","0.027777777777777776","0.08933669468970774"
"health-random_forest-80/20-vertical100-s11","finished","health","random_forest","80/20","100","vertical","11","0.8024444444444444","0.028888888888888888","0.10407570140618871"
"health-random_forest-80/20-horizontal100-s55","finished","health","random_forest","80/20","100","horizontal","55","0.8004444444444444","0.03111111111111111","0.08775802613871593"
"health-random_forest-80/20-horizontal100-s44","finished","health","random_forest","80/20","100","horizontal","44","0.8011111111111111","0.034444444444444444","0.09736895198476164"
"health-random_forest-80/20-horizontal100-s33","finished","health","random_forest","80/20","100","horizontal","33","0.8011111111111111","0.027777777777777776","0.08933669468970774"
"health-random_forest-80/20-horizontal100-s11","finished","health","random_forest","80/20","100","horizontal","11","0.8024444444444444","0.028888888888888888","0.10407570140618871"
"health-random_forest-80/20-horizontal100-s22","finished","health","random_forest","80/20","100","horizontal","22","0.806","0.06333333333333334","0.15977491845378725"
"health-random_forest-50/50-vertical25-s55","finished","health","random_forest","50/50","25","vertical","55","0.6068888888888889","0.5946666666666667","0.21384167582514657"
"health-random_forest-50/50-vertical25-s44","finished","health","random_forest","50/50","25","vertical","44","0.6137777777777778","0.588","0.22785857828373657"
"health-random_forest-50/50-vertical25-s33","finished","health","random_forest","50/50","25","vertical","33","0.6128888888888889","0.6013333333333334","0.22583809854647327"
"health-random_forest-50/50-vertical25-s22","finished","health","random_forest","50/50","25","vertical","22","0.6093333333333333","0.5808888888888889","0.21902136831299895"
"health-random_forest-50/50-vertical25-s11","finished","health","random_forest","50/50","25","vertical","11","0.6031111111111112","0.5795555555555556","0.20645145452696456"
"health-random_forest-50/50-horizontal25-s55","finished","health","random_forest","50/50","25","horizontal","55","0.6035555555555555","0.5808170515097691","0.207364677559252"
"health-random_forest-50/50-horizontal25-s44","finished","health","random_forest","50/50","25","horizontal","44","0.6142222222222222","0.6103202846975089","0.2284447339286877"
"health-random_forest-50/50-horizontal25-s22","finished","health","random_forest","50/50","25","horizontal","22","0.6195555555555555","0.6227758007117438","0.2391213654032984"
"health-random_forest-50/50-horizontal25-s33","finished","health","random_forest","50/50","25","horizontal","33","0.5955555555555555","0.566607460035524","0.1914824220054714"
"health-random_forest-50/50-horizontal25-s11","finished","health","random_forest","50/50","25","horizontal","11","0.6248888888888889","0.5985790408525755","0.25016876520029013"
"health-random_forest-50/50-vertical50-s55","finished","health","random_forest","50/50","50","vertical","55","0.6091111111111112","0.5911111111111111","0.2183637678194112"
"health-random_forest-50/50-vertical50-s44","finished","health","random_forest","50/50","50","vertical","44","0.6253333333333333","0.5897777777777777","0.25130286488881937"
"health-random_forest-50/50-vertical50-s33","finished","health","random_forest","50/50","50","vertical","33","0.6188888888888889","0.5888888888888889","0.2382069368555337"
"health-random_forest-50/50-vertical50-s22","finished","health","random_forest","50/50","50","vertical","22","0.6257777777777778","0.5875555555555556","0.25229380703245846"
"health-random_forest-50/50-horizontal50-s55","finished","health","random_forest","50/50","50","horizontal","55","0.6128888888888889","0.5715555555555556","0.2265532119879202"
"health-random_forest-50/50-vertical50-s11","finished","health","random_forest","50/50","50","vertical","11","0.6231111111111111","0.5924444444444444","0.24668664958011385"
"health-random_forest-50/50-horizontal50-s44","finished","health","random_forest","50/50","50","horizontal","44","0.6271111111111111","0.5982222222222222","0.2546476189993891"
"health-random_forest-50/50-horizontal50-s33","finished","health","random_forest","50/50","50","horizontal","33","0.6168888888888889","0.5946666666666667","0.2340090120358679"
"health-random_forest-50/50-horizontal50-s22","finished","health","random_forest","50/50","50","horizontal","22","0.628","0.6035555555555555","0.25630648531533456"
"health-random_forest-50/50-horizontal50-s11","finished","health","random_forest","50/50","50","horizontal","11","0.6088888888888889","0.5982222222222222","0.2178273512427056"
"health-random_forest-50/50-vertical75-s55","finished","health","random_forest","50/50","75","vertical","55","0.614","0.5964444444444444","0.2281406681481716"
"health-random_forest-50/50-vertical75-s44","finished","health","random_forest","50/50","75","vertical","44","0.6231111111111111","0.588","0.24683155734498863"
"health-random_forest-50/50-vertical75-s33","finished","health","random_forest","50/50","75","vertical","33","0.6248888888888889","0.6","0.2500878071271816"
"health-random_forest-50/50-vertical75-s22","finished","health","random_forest","50/50","75","vertical","22","0.6253333333333333","0.5915555555555555","0.25124062234635236"
"health-random_forest-50/50-horizontal75-s55","finished","health","random_forest","50/50","75","horizontal","55","0.6137440758293838","0.5722748815165877","0.2282746315611547"
"health-random_forest-50/50-vertical75-s11","finished","health","random_forest","50/50","75","vertical","11","0.6242222222222222","0.596","0.24884116157755204"
"health-random_forest-50/50-horizontal75-s44","finished","health","random_forest","50/50","75","horizontal","44","0.6279620853080569","0.5983412322274881","0.2563744493233539"
"health-random_forest-50/50-horizontal75-s33","finished","health","random_forest","50/50","75","horizontal","33","0.6190758293838863","0.6024881516587678","0.2382828224061873"
"health-random_forest-50/50-horizontal75-s22","finished","health","random_forest","50/50","75","horizontal","22","0.6272592592592593","0.5957320687611144","0.2550081871835906"
"health-random_forest-50/50-horizontal75-s11","finished","health","random_forest","50/50","75","horizontal","11","0.6190758293838863","0.6113744075829384","0.23817991424920115"
"health-random_forest-50/50-vertical100-s44","finished","health","random_forest","50/50","100","vertical","44","0.6193333333333333","0.5817777777777777","0.2393427691424345"
"health-random_forest-50/50-vertical100-s55","finished","health","random_forest","50/50","100","vertical","55","0.6082222222222222","0.5897777777777777","0.2165918626465811"
"health-random_forest-50/50-vertical100-s33","finished","health","random_forest","50/50","100","vertical","33","0.6177777777777778","0.596","0.23577930858783305"
"health-random_forest-50/50-vertical100-s11","finished","health","random_forest","50/50","100","vertical","11","0.6193333333333333","0.5813333333333334","0.2393589363599717"
"health-random_forest-50/50-vertical100-s22","finished","health","random_forest","50/50","100","vertical","22","0.6233333333333333","0.5902222222222222","0.2472093159823613"
"health-random_forest-50/50-horizontal100-s55","finished","health","random_forest","50/50","100","horizontal","55","0.6082222222222222","0.5897777777777777","0.2165918626465811"
"health-random_forest-50/50-horizontal100-s44","finished","health","random_forest","50/50","100","horizontal","44","0.6193333333333333","0.5817777777777777","0.2393427691424345"
"health-random_forest-50/50-horizontal100-s22","finished","health","random_forest","50/50","100","horizontal","22","0.6233333333333333","0.5902222222222222","0.2472093159823613"
"health-random_forest-50/50-horizontal100-s33","finished","health","random_forest","50/50","100","horizontal","33","0.6177777777777778","0.596","0.23577930858783305"
"health-random_forest-50/50-horizontal100-s11","finished","health","random_forest","50/50","100","horizontal","11","0.6193333333333333","0.5813333333333334","0.2393589363599717"
"health-logistic_regression-95/5-vertical25-s44","finished","health","logistic_regression","95/5","25","vertical","44","0.9506666666666668","0.022222222222222223","0.1203064519232174"
"health-logistic_regression-95/5-vertical25-s55","finished","health","logistic_regression","95/5","25","vertical","55","0.9495555555555556","0","-0.0048375834720891546"
"health-logistic_regression-95/5-vertical25-s33","finished","health","logistic_regression","95/5","25","vertical","33","0.9497777777777778","0","-0.0034203078956098285"
"health-logistic_regression-95/5-vertical25-s22","finished","health","logistic_regression","95/5","25","vertical","22","0.9493333333333334","0.0044444444444444444","0.02295432933654725"
"health-logistic_regression-95/5-vertical25-s11","finished","health","logistic_regression","95/5","25","vertical","11","0.95","0.008888888888888889","0.061586078800968"
"health-logistic_regression-95/5-horizontal25-s44","finished","health","logistic_regression","95/5","25","horizontal","44","0.9502222222222222","0.03571428571428571","0.1236584427203764"
"health-logistic_regression-95/5-horizontal25-s55","finished","health","logistic_regression","95/5","25","horizontal","55","0.9484444444444444","0.017857142857142856","0.05499321662934804"
"health-logistic_regression-95/5-horizontal25-s22","finished","health","logistic_regression","95/5","25","horizontal","22","0.9457777777777778","0.017857142857142856","0.03386500832864552"
"health-logistic_regression-95/5-horizontal25-s33","finished","health","logistic_regression","95/5","25","horizontal","33","0.9475555555555556","0.017857142857142856","0.04615086329683844"
"health-logistic_regression-95/5-horizontal25-s11","finished","health","logistic_regression","95/5","25","horizontal","11","0.9484444444444444","0","-0.009658958066033023"
"health-logistic_regression-95/5-vertical50-s55","finished","health","logistic_regression","95/5","50","vertical","55","0.9495555555555556","0","-0.0048375834720891546"
"health-logistic_regression-95/5-vertical50-s44","finished","health","logistic_regression","95/5","50","vertical","44","0.9506666666666668","0.022222222222222223","0.1203064519232174"
"health-logistic_regression-95/5-vertical50-s33","finished","health","logistic_regression","95/5","50","vertical","33","0.9497777777777778","0","-0.0034203078956098285"
"health-logistic_regression-95/5-vertical50-s22","finished","health","logistic_regression","95/5","50","vertical","22","0.9493333333333334","0.008888888888888889","0.04268938616630295"
"health-logistic_regression-95/5-vertical50-s11","finished","health","logistic_regression","95/5","50","vertical","11","0.9495555555555556","0.0044444444444444444","0.027371590578208"
"health-logistic_regression-95/5-horizontal50-s33","finished","health","logistic_regression","95/5","50","horizontal","33","0.948467347845402","0.017699115044247787","0.06024034298063807"
"health-logistic_regression-95/5-horizontal50-s44","finished","health","logistic_regression","95/5","50","horizontal","44","0.948","0.008928571428571428","0.023908781977456255"
"health-logistic_regression-95/5-horizontal50-s55","finished","health","logistic_regression","95/5","50","horizontal","55","0.9502222222222222","0","0"
"health-logistic_regression-95/5-horizontal50-s11","finished","health","logistic_regression","95/5","50","horizontal","11","0.9488888888888888","0","-0.008363041502989055"
"health-logistic_regression-95/5-horizontal50-s22","finished","health","logistic_regression","95/5","50","horizontal","22","0.9506666666666668","0.026785714285714284","0.11939458007428376"
"health-logistic_regression-95/5-vertical75-s55","finished","health","logistic_regression","95/5","75","vertical","55","0.95","0.0044444444444444444","0.04353825124880239"
"health-logistic_regression-95/5-vertical75-s44","finished","health","logistic_regression","95/5","75","vertical","44","0.9506666666666668","0.022222222222222223","0.1203064519232174"
"health-logistic_regression-95/5-vertical75-s33","finished","health","logistic_regression","95/5","75","vertical","33","0.9497777777777778","0","-0.0034203078956098285"
"health-logistic_regression-95/5-vertical75-s22","finished","health","logistic_regression","95/5","75","vertical","22","0.9493333333333334","0.013333333333333334","0.0581969994118719"
"health-logistic_regression-95/5-vertical75-s11","finished","health","logistic_regression","95/5","75","vertical","11","0.9493333333333334","0.0044444444444444444","0.02295432933654725"
"health-logistic_regression-95/5-horizontal75-s55","finished","health","logistic_regression","95/5","75","horizontal","55","0.949925925925926","0.01183431952662722","0.07106247092505516"
"health-logistic_regression-95/5-horizontal75-s33","finished","health","logistic_regression","95/5","75","horizontal","33","0.9496296296296296","0.005917159763313609","0.038739108788089886"
"health-logistic_regression-95/5-horizontal75-s44","finished","health","logistic_regression","95/5","75","horizontal","44","0.949925925925926","0.01183431952662722","0.07106247092505516"
"health-logistic_regression-95/5-horizontal75-s22","finished","health","logistic_regression","95/5","75","horizontal","22","0.9499407582938388","0.01183431952662722","0.07106424629414233"
"health-logistic_regression-95/5-horizontal75-s11","finished","health","logistic_regression","95/5","75","horizontal","11","0.949037037037037","0.005917159763313609","0.02647862672186345"
"health-logistic_regression-95/5-vertical100-s44","finished","health","logistic_regression","95/5","100","vertical","44","0.9506666666666668","0.022222222222222223","0.1203064519232174"
"health-logistic_regression-95/5-vertical100-s55","finished","health","logistic_regression","95/5","100","vertical","55","0.95","0.0044444444444444444","0.04353825124880239"
"health-logistic_regression-95/5-vertical100-s33","finished","health","logistic_regression","95/5","100","vertical","33","0.9495555555555556","0","-0.0048375834720891546"
"health-logistic_regression-95/5-vertical100-s22","finished","health","logistic_regression","95/5","100","vertical","22","0.9488888888888888","0.0044444444444444444","0.01681703091399813"
"health-logistic_regression-95/5-vertical100-s11","finished","health","logistic_regression","95/5","100","vertical","11","0.9491111111111112","0","-0.006842897644552"
"health-logistic_regression-95/5-horizontal100-s55","finished","health","logistic_regression","95/5","100","horizontal","55","0.95","0.0044444444444444444","0.04353825124880239"
"health-logistic_regression-95/5-horizontal100-s44","finished","health","logistic_regression","95/5","100","horizontal","44","0.9506666666666668","0.022222222222222223","0.1203064519232174"
"health-logistic_regression-95/5-horizontal100-s33","finished","health","logistic_regression","95/5","100","horizontal","33","0.9495555555555556","0","-0.0048375834720891546"
"health-logistic_regression-95/5-horizontal100-s22","finished","health","logistic_regression","95/5","100","horizontal","22","0.9488888888888888","0.0044444444444444444","0.01681703091399813"
"health-logistic_regression-90/10-vertical25-s55","finished","health","logistic_regression","90/10","25","vertical","55","0.8991111111111111","0.017777777777777778","0.0668153104781061"
"health-logistic_regression-95/5-horizontal100-s11","finished","health","logistic_regression","95/5","100","horizontal","11","0.9491111111111112","0","-0.006842897644552"
"health-logistic_regression-90/10-vertical25-s44","finished","health","logistic_regression","90/10","25","vertical","44","0.8997777777777778","0.04","0.11730066582927068"
"health-logistic_regression-90/10-vertical25-s22","finished","health","logistic_regression","90/10","25","vertical","22","0.9","0.03111111111111111","0.10550349698078222"
"health-logistic_regression-90/10-vertical25-s33","finished","health","logistic_regression","90/10","25","vertical","33","0.8991111111111111","0.015555555555555557","0.061025298198653426"
"health-logistic_regression-90/10-vertical25-s11","finished","health","logistic_regression","90/10","25","vertical","11","0.8997777777777778","0.015555555555555557","0.07068293612920713"
"health-logistic_regression-90/10-horizontal25-s33","finished","health","logistic_regression","90/10","25","horizontal","33","0.896","0.026785714285714284","0.05747374529948803"
"health-logistic_regression-90/10-horizontal25-s44","finished","health","logistic_regression","90/10","25","horizontal","44","0.8987566607460036","0.02654867256637168","0.08639496261161717"
"health-logistic_regression-90/10-horizontal25-s55","finished","health","logistic_regression","90/10","25","horizontal","55","0.896","0.017857142857142856","0.03679209431005932"
"health-logistic_regression-90/10-horizontal25-s11","finished","health","logistic_regression","90/10","25","horizontal","11","0.8968888888888888","0.03571428571428571","0.08107464492883089"
"health-logistic_regression-90/10-horizontal25-s22","finished","health","logistic_regression","90/10","25","horizontal","22","0.8977777777777778","0.008928571428571428","0.02241510101090713"
"health-logistic_regression-90/10-vertical50-s55","finished","health","logistic_regression","90/10","50","vertical","55","0.8991111111111111","0.02","0.07221614026063475"
"health-logistic_regression-90/10-vertical50-s44","finished","health","logistic_regression","90/10","50","vertical","44","0.9","0.03777777777777778","0.1163372612791988"
"health-logistic_regression-90/10-vertical50-s33","finished","health","logistic_regression","90/10","50","vertical","33","0.8991111111111111","0.013333333333333334","0.05475687168320407"
"health-logistic_regression-90/10-vertical50-s22","finished","health","logistic_regression","90/10","50","vertical","22","0.8993333333333333","0.02444444444444445","0.08470931051188606"
"health-logistic_regression-90/10-vertical50-s11","finished","health","logistic_regression","90/10","50","vertical","11","0.8991111111111111","0.013333333333333334","0.05475687168320407"
"health-logistic_regression-90/10-horizontal50-s55","finished","health","logistic_regression","90/10","50","horizontal","55","0.8995555555555556","0.035555555555555556","0.1077830508910224"
"health-logistic_regression-90/10-horizontal50-s44","finished","health","logistic_regression","90/10","50","horizontal","44","0.8995555555555556","0.03111111111111111","0.10012834584121606"
"health-logistic_regression-90/10-horizontal50-s22","finished","health","logistic_regression","90/10","50","horizontal","22","0.8977777777777778","0.04","0.09868008648818102"
"health-logistic_regression-90/10-horizontal50-s33","finished","health","logistic_regression","90/10","50","horizontal","33","0.9","0.017777777777777778","0.07964635881193319"
"health-logistic_regression-90/10-horizontal50-s11","finished","health","logistic_regression","90/10","50","horizontal","11","0.8973333333333333","0.017777777777777778","0.048983766455363176"
"health-logistic_regression-90/10-vertical75-s44","finished","health","logistic_regression","90/10","75","vertical","44","0.9002222222222223","0.03777777777777778","0.11894176156849172"
"health-logistic_regression-90/10-vertical75-s55","finished","health","logistic_regression","90/10","75","vertical","55","0.8984444444444445","0.017777777777777778","0.059210146516500715"
"health-logistic_regression-90/10-vertical75-s33","finished","health","logistic_regression","90/10","75","vertical","33","0.8991111111111111","0.013333333333333334","0.05475687168320407"
"health-logistic_regression-90/10-vertical75-s22","finished","health","logistic_regression","90/10","75","vertical","22","0.8993333333333333","0.02666666666666667","0.08920318531418772"
"health-logistic_regression-90/10-horizontal75-s55","finished","health","logistic_regression","90/10","75","horizontal","55","0.8998518518518519","0.02077151335311573","0.08175000733851437"
"health-logistic_regression-90/10-vertical75-s11","finished","health","logistic_regression","90/10","75","vertical","11","0.8986666666666666","0.013333333333333334","0.049289663929681614"
"health-logistic_regression-90/10-horizontal75-s44","finished","health","logistic_regression","90/10","75","horizontal","44","0.9013333333333332","0.04451038575667656","0.14020944322469783"
"health-logistic_regression-90/10-horizontal75-s33","finished","health","logistic_regression","90/10","75","horizontal","33","0.8984004739336493","0.01183431952662722","0.0429962948333993"
"health-logistic_regression-90/10-horizontal75-s22","finished","health","logistic_regression","90/10","75","horizontal","22","0.898962962962963","0.03550295857988166","0.10299461994555244"
"health-logistic_regression-90/10-horizontal75-s11","finished","health","logistic_regression","90/10","75","horizontal","11","0.898962962962963","0.01183431952662722","0.05019062181803123"
"health-logistic_regression-90/10-vertical100-s55","finished","health","logistic_regression","90/10","100","vertical","55","0.8984444444444445","0.02","0.06477770803850111"
"health-logistic_regression-90/10-vertical100-s44","finished","health","logistic_regression","90/10","100","vertical","44","0.8997777777777778","0.03777777777777778","0.11383288949913783"
"health-logistic_regression-90/10-vertical100-s33","finished","health","logistic_regression","90/10","100","vertical","33","0.8984444444444445","0.011111111111111112","0.039845919666084154"
"health-logistic_regression-90/10-vertical100-s11","finished","health","logistic_regression","90/10","100","vertical","11","0.8984444444444445","0.013333333333333334","0.046837998631037"
"health-logistic_regression-90/10-horizontal100-s55","finished","health","logistic_regression","90/10","100","horizontal","55","0.8984444444444445","0.02","0.06477770803850111"
"health-logistic_regression-90/10-vertical100-s22","finished","health","logistic_regression","90/10","100","vertical","22","0.8993333333333333","0.02666666666666667","0.08920318531418772"
"health-logistic_regression-90/10-horizontal100-s33","finished","health","logistic_regression","90/10","100","horizontal","33","0.8984444444444445","0.011111111111111112","0.039845919666084154"
"health-logistic_regression-90/10-horizontal100-s44","finished","health","logistic_regression","90/10","100","horizontal","44","0.8997777777777778","0.03777777777777778","0.11383288949913783"
"health-logistic_regression-90/10-horizontal100-s22","finished","health","logistic_regression","90/10","100","horizontal","22","0.8993333333333333","0.02666666666666667","0.08920318531418772"
"health-logistic_regression-90/10-horizontal100-s11","finished","health","logistic_regression","90/10","100","horizontal","11","0.8984444444444445","0.013333333333333334","0.046837998631037"
"health-logistic_regression-80/20-vertical25-s55","finished","health","logistic_regression","80/20","25","vertical","55","0.7995555555555556","0.04777777777777778","0.101909492144437"
"health-logistic_regression-80/20-vertical25-s44","finished","health","logistic_regression","80/20","25","vertical","44","0.8033333333333333","0.07555555555555556","0.15042982886038275"
"health-logistic_regression-80/20-vertical25-s33","finished","health","logistic_regression","80/20","25","vertical","33","0.8013333333333333","0.04777777777777778","0.11351353398687772"
"health-logistic_regression-80/20-vertical25-s22","finished","health","logistic_regression","80/20","25","vertical","22","0.8066666666666666","0.08777777777777777","0.17845807509485226"
"health-logistic_regression-80/20-horizontal25-s44","finished","health","logistic_regression","80/20","25","horizontal","44","0.8044444444444444","0.10666666666666667","0.17848958152791264"
"health-logistic_regression-80/20-horizontal25-s55","finished","health","logistic_regression","80/20","25","horizontal","55","0.7946666666666666","0.08444444444444445","0.11692328142043085"
"health-logistic_regression-80/20-vertical25-s11","finished","health","logistic_regression","80/20","25","vertical","11","0.8055555555555556","0.06444444444444444","0.15708413871974078"
"health-logistic_regression-80/20-horizontal25-s22","finished","health","logistic_regression","80/20","25","horizontal","22","0.7982222222222223","0.08444444444444445","0.1320042242027628"
"health-logistic_regression-80/20-horizontal25-s33","finished","health","logistic_regression","80/20","25","horizontal","33","0.8053333333333333","0.14666666666666667","0.20768679018392433"
"health-logistic_regression-80/20-horizontal25-s11","finished","health","logistic_regression","80/20","25","horizontal","11","0.7991111111111111","0.1288888888888889","0.17146040586504693"
"health-logistic_regression-80/20-vertical50-s55","finished","health","logistic_regression","80/20","50","vertical","55","0.7977777777777778","0.051111111111111114","0.09555474890103235"
"health-logistic_regression-80/20-vertical50-s44","finished","health","logistic_regression","80/20","50","vertical","44","0.8035555555555556","0.07555555555555556","0.15172774624376745"
"health-logistic_regression-80/20-vertical50-s33","finished","health","logistic_regression","80/20","50","vertical","33","0.8002222222222222","0.051111111111111114","0.10972208684444204"
"health-logistic_regression-80/20-vertical50-s22","finished","health","logistic_regression","80/20","50","vertical","22","0.806","0.09222222222222222","0.1772468978402533"
"health-logistic_regression-80/20-vertical50-s11","finished","health","logistic_regression","80/20","50","vertical","11","0.8046666666666666","0.06777777777777778","0.1530250407711119"
"health-logistic_regression-80/20-horizontal50-s44","finished","health","logistic_regression","80/20","50","horizontal","44","0.7937777777777778","0.05555555555555555","0.08154264105457669"
"health-logistic_regression-80/20-horizontal50-s55","finished","health","logistic_regression","80/20","50","horizontal","55","0.8022222222222222","0.06444444444444444","0.1348046485266736"
"health-logistic_regression-80/20-horizontal50-s22","finished","health","logistic_regression","80/20","50","horizontal","22","0.7982222222222223","0.06888888888888889","0.11720920660510468"
"health-logistic_regression-80/20-horizontal50-s33","finished","health","logistic_regression","80/20","50","horizontal","33","0.7951111111111111","0.06666666666666667","0.1004244139867764"
"health-logistic_regression-80/20-horizontal50-s11","finished","health","logistic_regression","80/20","50","horizontal","11","0.7933333333333333","0.05555555555555555","0.0796047267152034"
"health-logistic_regression-80/20-vertical75-s55","finished","health","logistic_regression","80/20","75","vertical","55","0.7986666666666666","0.05333333333333334","0.10301996365892552"
"health-logistic_regression-80/20-vertical75-s44","finished","health","logistic_regression","80/20","75","vertical","44","0.8042222222222222","0.08","0.15888899988896113"
"health-logistic_regression-80/20-vertical75-s33","finished","health","logistic_regression","80/20","75","vertical","33","0.7993333333333333","0.04777777777777778","0.1005488290252954"
"health-logistic_regression-80/20-vertical75-s22","finished","health","logistic_regression","80/20","75","vertical","22","0.8042222222222222","0.08888888888888889","0.16518354322017412"
"health-logistic_regression-80/20-vertical75-s11","finished","health","logistic_regression","80/20","75","vertical","11","0.8064444444444444","0.07333333333333333","0.16865492055201853"
"health-logistic_regression-80/20-horizontal75-s55","finished","health","logistic_regression","80/20","75","horizontal","55","0.8023703703703704","0.07111111111111111","0.14130983983970422"
"health-logistic_regression-80/20-horizontal75-s44","finished","health","logistic_regression","80/20","75","horizontal","44","0.7991111111111111","0.05333333333333334","0.10552897060221726"
"health-logistic_regression-80/20-horizontal75-s33","finished","health","logistic_regression","80/20","75","horizontal","33","0.8011851851851852","0.054814814814814816","0.11954546145570498"
"health-logistic_regression-80/20-horizontal75-s11","finished","health","logistic_regression","80/20","75","horizontal","11","0.8002962962962963","0.06814814814814815","0.12713424087915537"
"health-logistic_regression-80/20-horizontal75-s22","finished","health","logistic_regression","80/20","75","horizontal","22","0.8017777777777778","0.06666666666666667","0.13408664760625746"
"health-logistic_regression-80/20-vertical100-s44","finished","health","logistic_regression","80/20","100","vertical","44","0.8033333333333333","0.07444444444444444","0.14957659692620057"
"health-logistic_regression-80/20-vertical100-s55","finished","health","logistic_regression","80/20","100","vertical","55","0.7984444444444444","0.057777777777777775","0.10673626288044025"
"health-logistic_regression-80/20-vertical100-s22","finished","health","logistic_regression","80/20","100","vertical","22","0.8042222222222222","0.09111111111111111","0.16673923225950243"
"health-logistic_regression-80/20-vertical100-s33","finished","health","logistic_regression","80/20","100","vertical","33","0.8002222222222222","0.051111111111111114","0.10972208684444204"
"health-logistic_regression-80/20-horizontal100-s55","finished","health","logistic_regression","80/20","100","horizontal","55","0.7984444444444444","0.057777777777777775","0.10673626288044025"
"health-logistic_regression-80/20-vertical100-s11","finished","health","logistic_regression","80/20","100","vertical","11","0.8051111111111111","0.07111111111111111","0.15824659534914445"
"health-logistic_regression-80/20-horizontal100-s44","finished","health","logistic_regression","80/20","100","horizontal","44","0.8033333333333333","0.07444444444444444","0.14957659692620057"
"health-logistic_regression-80/20-horizontal100-s33","finished","health","logistic_regression","80/20","100","horizontal","33","0.8002222222222222","0.051111111111111114","0.10972208684444204"
"health-logistic_regression-80/20-horizontal100-s22","finished","health","logistic_regression","80/20","100","horizontal","22","0.8042222222222222","0.09111111111111111","0.16673923225950243"
"health-logistic_regression-80/20-horizontal100-s11","finished","health","logistic_regression","80/20","100","horizontal","11","0.8051111111111111","0.07111111111111111","0.15824659534914445"
"health-logistic_regression-50/50-vertical25-s55","finished","health","logistic_regression","50/50","25","vertical","55","0.6006666666666667","0.5208888888888888","0.20394609680227815"
"health-logistic_regression-50/50-vertical25-s44","finished","health","logistic_regression","50/50","25","vertical","44","0.6251111111111111","0.5408888888888889","0.2538494390496012"
"health-logistic_regression-50/50-vertical25-s33","finished","health","logistic_regression","50/50","25","vertical","33","0.6068888888888889","0.5413333333333333","0.21563924478742888"
"health-logistic_regression-50/50-vertical25-s22","finished","health","logistic_regression","50/50","25","vertical","22","0.6177777777777778","0.5155555555555555","0.24063827664176848"
"health-logistic_regression-50/50-vertical25-s11","finished","health","logistic_regression","50/50","25","vertical","11","0.6082222222222222","0.5093333333333333","0.2208060523449186"
"health-logistic_regression-50/50-horizontal25-s55","finished","health","logistic_regression","50/50","25","horizontal","55","0.5964444444444444","0.5470692717584369","0.1939229079260956"
"health-logistic_regression-50/50-horizontal25-s33","finished","health","logistic_regression","50/50","25","horizontal","33","0.5973333333333334","0.5719360568383659","0.1949621862321753"
"health-logistic_regression-50/50-horizontal25-s44","finished","health","logistic_regression","50/50","25","horizontal","44","0.6088888888888889","0.5907473309608541","0.21789021744305925"
"health-logistic_regression-50/50-horizontal25-s11","finished","health","logistic_regression","50/50","25","horizontal","11","0.6142222222222222","0.5683836589698046","0.22948978140955537"
"health-logistic_regression-50/50-horizontal25-s22","finished","health","logistic_regression","50/50","25","horizontal","22","0.6213333333333333","0.5658362989323843","0.24407933877040153"
"health-logistic_regression-50/50-vertical50-s55","finished","health","logistic_regression","50/50","50","vertical","55","0.6015555555555555","0.5448888888888889","0.2044282377919582"
"health-logistic_regression-50/50-vertical50-s33","finished","health","logistic_regression","50/50","50","vertical","33","0.61","0.5497777777777778","0.22161332970348088"
"health-logistic_regression-50/50-vertical50-s44","finished","health","logistic_regression","50/50","50","vertical","44","0.6217777777777778","0.5382222222222223","0.24702926393991256"
"health-logistic_regression-50/50-vertical50-s22","finished","health","logistic_regression","50/50","50","vertical","22","0.6253333333333333","0.5462222222222223","0.25386446310232813"
"health-logistic_regression-50/50-horizontal50-s44","finished","health","logistic_regression","50/50","50","horizontal","44","0.5951111111111111","0.56","0.19069297210046057"
"health-logistic_regression-50/50-horizontal50-s55","finished","health","logistic_regression","50/50","50","horizontal","55","0.6208888888888889","0.568","0.2431418537480235"
"health-logistic_regression-50/50-vertical50-s11","finished","health","logistic_regression","50/50","50","vertical","11","0.614","0.5266666666666666","0.2315596218544012"
"health-logistic_regression-50/50-horizontal50-s22","finished","health","logistic_regression","50/50","50","horizontal","22","0.6151111111111112","0.5511111111111111","0.23213169861341448"
"health-logistic_regression-50/50-horizontal50-s33","finished","health","logistic_regression","50/50","50","horizontal","33","0.6026666666666667","0.5422222222222223","0.20685036463605871"
"health-logistic_regression-50/50-vertical75-s55","finished","health","logistic_regression","50/50","75","vertical","55","0.6017777777777777","0.5515555555555556","0.2045902362039285"
"health-logistic_regression-50/50-horizontal50-s11","finished","health","logistic_regression","50/50","50","horizontal","11","0.6013333333333334","0.5564444444444444","0.2034883890294986"
"health-logistic_regression-50/50-vertical75-s44","finished","health","logistic_regression","50/50","75","vertical","44","0.6146666666666667","0.5431111111111111","0.2317184979891721"
"health-logistic_regression-50/50-vertical75-s33","finished","health","logistic_regression","50/50","75","vertical","33","0.6055555555555555","0.5475555555555556","0.21254596354510577"
"health-logistic_regression-50/50-vertical75-s22","finished","health","logistic_regression","50/50","75","vertical","22","0.6208888888888889","0.5586666666666666","0.2436719428453376"
"health-logistic_regression-50/50-vertical75-s11","finished","health","logistic_regression","50/50","75","vertical","11","0.6117777777777778","0.5266666666666666","0.2268665133420953"
"health-logistic_regression-50/50-horizontal75-s44","finished","health","logistic_regression","50/50","75","horizontal","44","0.6113744075829384","0.5633886255924171","0.22378177481384223"
"health-logistic_regression-50/50-horizontal75-s55","finished","health","logistic_regression","50/50","75","horizontal","55","0.610781990521327","0.5456161137440758","0.2234700824490545"
"health-logistic_regression-50/50-horizontal75-s33","finished","health","logistic_regression","50/50","75","horizontal","33","0.6149289099526066","0.5604265402843602","0.23123570027496015"
"health-logistic_regression-50/50-horizontal75-s22","finished","health","logistic_regression","50/50","75","horizontal","22","0.6124444444444445","0.5483106105512745","0.2267245635065864"
"health-logistic_regression-50/50-horizontal75-s11","finished","health","logistic_regression","50/50","75","horizontal","11","0.6063388625592417","0.54739336492891","0.2141712392472445"
"health-logistic_regression-50/50-vertical100-s55","finished","health","logistic_regression","50/50","100","vertical","55","0.6002222222222222","0.5524444444444444","0.20136587486055713"
"health-logistic_regression-50/50-vertical100-s33","finished","health","logistic_regression","50/50","100","vertical","33","0.6048888888888889","0.5546666666666666","0.21084408621889572"
"health-logistic_regression-50/50-vertical100-s22","finished","health","logistic_regression","50/50","100","vertical","22","0.62","0.5555555555555556","0.24201866769614688"
"health-logistic_regression-50/50-vertical100-s44","finished","health","logistic_regression","50/50","100","vertical","44","0.6131111111111112","0.54","0.22868012916123057"
"health-logistic_regression-50/50-horizontal100-s55","finished","health","logistic_regression","50/50","100","horizontal","55","0.6002222222222222","0.5524444444444444","0.20136587486055713"
"health-logistic_regression-50/50-vertical100-s11","finished","health","logistic_regression","50/50","100","vertical","11","0.6091111111111112","0.5284444444444445","0.2211188857244603"
"health-logistic_regression-50/50-horizontal100-s33","finished","health","logistic_regression","50/50","100","horizontal","33","0.6048888888888889","0.5546666666666666","0.21084408621889572"
"health-logistic_regression-50/50-horizontal100-s44","finished","health","logistic_regression","50/50","100","horizontal","44","0.6131111111111112","0.54","0.22868012916123057"
"health-logistic_regression-50/50-horizontal100-s22","finished","health","logistic_regression","50/50","100","horizontal","22","0.62","0.5555555555555556","0.24201866769614688"
"health-logistic_regression-50/50-horizontal100-s11","finished","health","logistic_regression","50/50","100","horizontal","11","0.6091111111111112","0.5284444444444445","0.2211188857244603"
"adult-xgboost-95/5-vertical25-s44","finished","adult","xgboost","95/5","25","vertical","44","0.96","0.26666666666666666","0.44801076831712416"
"adult-xgboost-95/5-vertical25-s55","finished","adult","xgboost","95/5","25","vertical","55","0.9584444444444444","0.28","0.4315108530460997"
"adult-xgboost-95/5-vertical25-s33","finished","adult","xgboost","95/5","25","vertical","33","0.9626666666666668","0.36","0.511636763617496"
"adult-xgboost-95/5-vertical25-s11","finished","adult","xgboost","95/5","25","vertical","11","0.958","0.28888888888888886","0.4299167184343336"
"adult-xgboost-95/5-vertical25-s22","finished","adult","xgboost","95/5","25","vertical","22","0.9586666666666668","0.28888888888888886","0.4378836755100671"
"adult-xgboost-95/5-horizontal25-s44","finished","adult","xgboost","95/5","25","horizontal","44","0.9448888888888888","0.23214285714285715","0.28045310849811017"
"adult-xgboost-95/5-horizontal25-s55","finished","adult","xgboost","95/5","25","horizontal","55","0.9573333333333334","0.30357142857142855","0.4272121390007206"
"adult-xgboost-95/5-horizontal25-s22","finished","adult","xgboost","95/5","25","horizontal","22","0.9413333333333334","0.32142857142857145","0.32423683121352925"
"adult-xgboost-95/5-horizontal25-s33","finished","adult","xgboost","95/5","25","horizontal","33","0.9528888888888888","0.375","0.4258091157172194"
"adult-xgboost-95/5-vertical50-s55","finished","adult","xgboost","95/5","50","vertical","55","0.9577777777777776","0.27555555555555555","0.42143926022482575"
"adult-xgboost-95/5-horizontal25-s11","finished","adult","xgboost","95/5","25","horizontal","11","0.9653333333333334","0.43859649122807015","0.5699859321431159"
"adult-xgboost-95/5-vertical50-s44","finished","adult","xgboost","95/5","50","vertical","44","0.9593333333333334","0.28","0.4429720716850061"
"adult-xgboost-95/5-vertical50-s22","finished","adult","xgboost","95/5","50","vertical","22","0.9602222222222222","0.3111111111111111","0.4655648708749915"
"adult-xgboost-95/5-vertical50-s33","finished","adult","xgboost","95/5","50","vertical","33","0.9626666666666668","0.36","0.511636763617496"
"adult-xgboost-95/5-vertical50-s11","finished","adult","xgboost","95/5","50","vertical","11","0.9588888888888888","0.3022222222222222","0.4459755007468912"
"adult-xgboost-95/5-horizontal50-s55","finished","adult","xgboost","95/5","50","horizontal","55","0.9568888888888888","0.3008849557522124","0.42510411876522775"
"adult-xgboost-95/5-horizontal50-s33","finished","adult","xgboost","95/5","50","horizontal","33","0.9591111111111112","0.38392857142857145","0.4809747674521886"
"adult-xgboost-95/5-horizontal50-s44","finished","adult","xgboost","95/5","50","horizontal","44","0.9564444444444444","0.19642857142857145","0.3653655652529838"
"adult-xgboost-95/5-horizontal50-s22","finished","adult","xgboost","95/5","50","horizontal","22","0.9608888888888888","0.36607142857142855","0.49148158866552755"
"adult-xgboost-95/5-vertical75-s55","finished","adult","xgboost","95/5","75","vertical","55","0.9573333333333334","0.28","0.4181971377207408"
"adult-xgboost-95/5-horizontal50-s11","finished","adult","xgboost","95/5","50","horizontal","11","0.9591111111111112","0.33035714285714285","0.4581446735548127"
"adult-xgboost-95/5-vertical75-s33","finished","adult","xgboost","95/5","75","vertical","33","0.9624444444444444","0.37777777777777777","0.514564289573737"
"adult-xgboost-95/5-vertical75-s44","finished","adult","xgboost","95/5","75","vertical","44","0.9595555555555556","0.28444444444444444","0.44752395589141875"
"adult-xgboost-95/5-vertical75-s22","finished","adult","xgboost","95/5","75","vertical","22","0.9584444444444444","0.32","0.4484314568781944"
"adult-xgboost-95/5-vertical75-s11","finished","adult","xgboost","95/5","75","vertical","11","0.9604444444444444","0.3244444444444444","0.4730293009330082"
"adult-xgboost-95/5-horizontal75-s55","finished","adult","xgboost","95/5","75","horizontal","55","0.9605925925925926","0.3273809523809524","0.47382408809442994"
"adult-xgboost-95/5-horizontal75-s33","finished","adult","xgboost","95/5","75","horizontal","33","0.9567535545023697","0.3136094674556213","0.42844546028914465"
"adult-xgboost-95/5-horizontal75-s44","finished","adult","xgboost","95/5","75","horizontal","44","0.956457345971564","0.25443786982248523","0.396384033412464"
"adult-xgboost-95/5-horizontal75-s11","finished","adult","xgboost","95/5","75","horizontal","11","0.9582222222222222","0.33727810650887574","0.45428209302965866"
"adult-xgboost-95/5-horizontal75-s22","finished","adult","xgboost","95/5","75","horizontal","22","0.96","0.33136094674556216","0.4710114332441421"
"adult-xgboost-95/5-vertical100-s55","finished","adult","xgboost","95/5","100","vertical","55","0.9571111111111112","0.27111111111111114","0.41149171313291233"
"adult-xgboost-95/5-vertical100-s44","finished","adult","xgboost","95/5","100","vertical","44","0.9591111111111112","0.28","0.4400340152070435"
"adult-xgboost-95/5-vertical100-s22","finished","adult","xgboost","95/5","100","vertical","22","0.9577777777777776","0.3111111111111111","0.437339675831457"
"adult-xgboost-95/5-vertical100-s33","finished","adult","xgboost","95/5","100","vertical","33","0.9615555555555556","0.3466666666666667","0.4940137796479619"
"adult-xgboost-95/5-vertical100-s11","finished","adult","xgboost","95/5","100","vertical","11","0.9573333333333334","0.28888888888888886","0.4223073275193047"
"adult-xgboost-95/5-horizontal100-s44","finished","adult","xgboost","95/5","100","horizontal","44","0.9591111111111112","0.28","0.4400340152070435"
"adult-xgboost-95/5-horizontal100-s55","finished","adult","xgboost","95/5","100","horizontal","55","0.9571111111111112","0.27111111111111114","0.41149171313291233"
"adult-xgboost-95/5-horizontal100-s33","finished","adult","xgboost","95/5","100","horizontal","33","0.9615555555555556","0.3466666666666667","0.4940137796479619"
"adult-xgboost-95/5-horizontal100-s22","finished","adult","xgboost","95/5","100","horizontal","22","0.9577777777777776","0.3111111111111111","0.437339675831457"
"adult-xgboost-95/5-horizontal100-s11","finished","adult","xgboost","95/5","100","horizontal","11","0.9573333333333334","0.28888888888888886","0.4223073275193047"
"adult-xgboost-90/10-vertical25-s55","finished","adult","xgboost","90/10","25","vertical","55","0.922","0.4133333333333334","0.4924455582928227"
"adult-xgboost-90/10-vertical25-s33","finished","adult","xgboost","90/10","25","vertical","33","0.9297777777777778","0.43777777777777777","0.5428817639036148"
"adult-xgboost-90/10-vertical25-s44","finished","adult","xgboost","90/10","25","vertical","44","0.9266666666666666","0.44222222222222224","0.5267456929313838"
"adult-xgboost-90/10-vertical25-s22","finished","adult","xgboost","90/10","25","vertical","22","0.9266666666666666","0.4088888888888889","0.5167724353655463"
"adult-xgboost-90/10-vertical25-s11","finished","adult","xgboost","90/10","25","vertical","11","0.926","0.44","0.522484343558121"
"adult-xgboost-90/10-horizontal25-s55","finished","adult","xgboost","90/10","25","horizontal","55","0.9226666666666666","0.4690265486725664","0.5173555800403878"
"adult-xgboost-90/10-horizontal25-s33","finished","adult","xgboost","90/10","25","horizontal","33","0.9084444444444444","0.4642857142857143","0.45423285646709144"
"adult-xgboost-90/10-horizontal25-s44","finished","adult","xgboost","90/10","25","horizontal","44","0.9316163410301954","0.5089285714285714","0.5709225415242284"
"adult-xgboost-90/10-horizontal25-s11","finished","adult","xgboost","90/10","25","horizontal","11","0.9226666666666666","0.35398230088495575","0.47830638530603303"
"adult-xgboost-90/10-horizontal25-s22","finished","adult","xgboost","90/10","25","horizontal","22","0.9094138543516874","0.38392857142857145","0.4191879247178863"
"adult-xgboost-90/10-vertical50-s44","finished","adult","xgboost","90/10","50","vertical","44","0.9317777777777778","0.4644444444444445","0.5612749645216831"
"adult-xgboost-90/10-vertical50-s55","finished","adult","xgboost","90/10","50","vertical","55","0.9184444444444444","0.3933333333333333","0.46674200782355335"
"adult-xgboost-90/10-vertical50-s33","finished","adult","xgboost","90/10","50","vertical","33","0.9271111111111112","0.4222222222222222","0.523186721436368"
"adult-xgboost-90/10-vertical50-s11","finished","adult","xgboost","90/10","50","vertical","11","0.9273333333333332","0.4577777777777778","0.5351256450906711"
"adult-xgboost-90/10-vertical50-s22","finished","adult","xgboost","90/10","50","vertical","22","0.9257777777777778","0.44","0.5213056423130676"
"adult-xgboost-90/10-horizontal50-s44","finished","adult","xgboost","90/10","50","horizontal","44","0.9204444444444444","0.43555555555555553","0.49294851286069385"
"adult-xgboost-90/10-horizontal50-s55","finished","adult","xgboost","90/10","50","horizontal","55","0.9235555555555556","0.4444444444444444","0.5113867516938292"
"adult-xgboost-90/10-horizontal50-s33","finished","adult","xgboost","90/10","50","horizontal","33","0.9257777777777778","0.4311111111111111","0.5184690666528263"
"adult-xgboost-90/10-horizontal50-s22","finished","adult","xgboost","90/10","50","horizontal","22","0.9262222222222222","0.4044444444444445","0.512881668794273"
"adult-xgboost-90/10-horizontal50-s11","finished","adult","xgboost","90/10","50","horizontal","11","0.9253333333333332","0.4222222222222222","0.51323297557285"
"adult-xgboost-90/10-vertical75-s55","finished","adult","xgboost","90/10","75","vertical","55","0.92","0.43333333333333335","0.4899789435061114"
"adult-xgboost-90/10-vertical75-s33","finished","adult","xgboost","90/10","75","vertical","33","0.9248888888888888","0.43333333333333335","0.5144385505731739"
"adult-xgboost-90/10-vertical75-s44","finished","adult","xgboost","90/10","75","vertical","44","0.9255555555555556","0.44666666666666666","0.5223088021507892"
"adult-xgboost-90/10-vertical75-s22","finished","adult","xgboost","90/10","75","vertical","22","0.9291111111111112","0.43777777777777777","0.5390203480638249"
"adult-xgboost-90/10-vertical75-s11","finished","adult","xgboost","90/10","75","vertical","11","0.9268888888888888","0.4711111111111111","0.5370848149890115"
"adult-xgboost-90/10-horizontal75-s55","finished","adult","xgboost","90/10","75","horizontal","55","0.925037037037037","0.45857988165680474","0.5241469984968287"
"adult-xgboost-90/10-horizontal75-s33","finished","adult","xgboost","90/10","75","horizontal","33","0.928","0.4556213017751479","0.5385052399267073"
"adult-xgboost-90/10-horizontal75-s44","finished","adult","xgboost","90/10","75","horizontal","44","0.9277037037037036","0.4792899408284024","0.5442859373265231"
"adult-xgboost-90/10-horizontal75-s22","finished","adult","xgboost","90/10","75","horizontal","22","0.9247407407407408","0.41124260355029585","0.5070340606274683"
"adult-xgboost-90/10-horizontal75-s11","finished","adult","xgboost","90/10","75","horizontal","11","0.9318518518518518","0.4777448071216618","0.5646450547583678"
"adult-xgboost-90/10-vertical100-s44","finished","adult","xgboost","90/10","100","vertical","44","0.9306666666666666","0.4688888888888889","0.5562500299247428"
"adult-xgboost-90/10-vertical100-s55","finished","adult","xgboost","90/10","100","vertical","55","0.9206666666666666","0.4177777777777778","0.48729128373538905"
"adult-xgboost-90/10-vertical100-s22","finished","adult","xgboost","90/10","100","vertical","22","0.9248888888888888","0.43777777777777777","0.5159092869186136"
"adult-xgboost-90/10-vertical100-s33","finished","adult","xgboost","90/10","100","vertical","33","0.922","0.4088888888888889","0.49085958701758337"
"adult-xgboost-90/10-horizontal100-s55","finished","adult","xgboost","90/10","100","horizontal","55","0.9206666666666666","0.4177777777777778","0.48729128373538905"
"adult-xgboost-90/10-vertical100-s11","finished","adult","xgboost","90/10","100","vertical","11","0.9293333333333332","0.4688888888888889","0.5490477123948986"
"adult-xgboost-90/10-horizontal100-s44","finished","adult","xgboost","90/10","100","horizontal","44","0.9306666666666666","0.4688888888888889","0.5562500299247428"
"adult-xgboost-90/10-horizontal100-s33","finished","adult","xgboost","90/10","100","horizontal","33","0.922","0.4088888888888889","0.49085958701758337"
"adult-xgboost-90/10-horizontal100-s22","finished","adult","xgboost","90/10","100","horizontal","22","0.9248888888888888","0.43777777777777777","0.5159092869186136"
"adult-xgboost-80/20-vertical25-s55","finished","adult","xgboost","80/20","25","vertical","55","0.8728888888888889","0.57","0.5730342161945525"
"adult-xgboost-90/10-horizontal100-s11","finished","adult","xgboost","90/10","100","horizontal","11","0.9293333333333332","0.4688888888888889","0.5490477123948986"
"adult-xgboost-80/20-vertical25-s44","finished","adult","xgboost","80/20","25","vertical","44","0.8786666666666667","0.5911111111111111","0.594368570457161"
"adult-xgboost-80/20-vertical25-s33","finished","adult","xgboost","80/20","25","vertical","33","0.8808888888888889","0.5766666666666667","0.5981291082519864"
"adult-xgboost-80/20-vertical25-s22","finished","adult","xgboost","80/20","25","vertical","22","0.8828888888888888","0.5888888888888889","0.6064270050065296"
"adult-xgboost-80/20-vertical25-s11","finished","adult","xgboost","80/20","25","vertical","11","0.8704444444444445","0.5366666666666666","0.5585365470997172"
"adult-xgboost-80/20-horizontal25-s55","finished","adult","xgboost","80/20","25","horizontal","55","0.8631111111111112","0.6177777777777778","0.559736094221504"
"adult-xgboost-80/20-horizontal25-s44","finished","adult","xgboost","80/20","25","horizontal","44","0.8586666666666667","0.5688888888888889","0.5338262334403838"
"adult-xgboost-80/20-horizontal25-s33","finished","adult","xgboost","80/20","25","horizontal","33","0.8711111111111111","0.6044444444444445","0.5764987767424717"
"adult-xgboost-80/20-horizontal25-s11","finished","adult","xgboost","80/20","25","horizontal","11","0.8657777777777778","0.5822222222222222","0.5563372825146647"
"adult-xgboost-80/20-horizontal25-s22","finished","adult","xgboost","80/20","25","horizontal","22","0.8764444444444445","0.5822222222222222","0.5860249110566577"
"adult-xgboost-80/20-vertical50-s44","finished","adult","xgboost","80/20","50","vertical","44","0.8802222222222222","0.59","0.5986884888952886"
"adult-xgboost-80/20-vertical50-s55","finished","adult","xgboost","80/20","50","vertical","55","0.8764444444444445","0.5744444444444444","0.5843757497768297"
"adult-xgboost-80/20-vertical50-s33","finished","adult","xgboost","80/20","50","vertical","33","0.8817777777777778","0.5755555555555556","0.6006512790683265"
"adult-xgboost-80/20-vertical50-s22","finished","adult","xgboost","80/20","50","vertical","22","0.8817777777777778","0.5888888888888889","0.6030886770794416"
"adult-xgboost-80/20-vertical50-s11","finished","adult","xgboost","80/20","50","vertical","11","0.8717777777777778","0.5477777777777778","0.5649007185774636"
"adult-xgboost-80/20-horizontal50-s44","finished","adult","xgboost","80/20","50","horizontal","44","0.8751111111111111","0.6066666666666667","0.5878782397638304"
"adult-xgboost-80/20-horizontal50-s55","finished","adult","xgboost","80/20","50","horizontal","55","0.8835555555555555","0.5977777777777777","0.6100736427875411"
"adult-xgboost-80/20-horizontal50-s22","finished","adult","xgboost","80/20","50","horizontal","22","0.8706666666666667","0.58","0.5690909044733514"
"adult-xgboost-80/20-horizontal50-s33","finished","adult","xgboost","80/20","50","horizontal","33","0.8746666666666667","0.6","0.5850454353239443"
"adult-xgboost-80/20-horizontal50-s11","finished","adult","xgboost","80/20","50","horizontal","11","0.8737777777777778","0.5911111111111111","0.5804516449859379"
"adult-xgboost-80/20-vertical75-s55","finished","adult","xgboost","80/20","75","vertical","55","0.8768888888888889","0.5911111111111111","0.5892454606263478"
"adult-xgboost-80/20-vertical75-s44","finished","adult","xgboost","80/20","75","vertical","44","0.876","0.5944444444444444","0.5874682827893082"
"adult-xgboost-80/20-vertical75-s33","finished","adult","xgboost","80/20","75","vertical","33","0.8837777777777778","0.6","0.6111532254097797"
"adult-xgboost-80/20-vertical75-s22","finished","adult","xgboost","80/20","75","vertical","22","0.8808888888888889","0.6022222222222222","0.6031300021800344"
"adult-xgboost-80/20-vertical75-s11","finished","adult","xgboost","80/20","75","vertical","11","0.8762222222222222","0.5722222222222222","0.583257353770926"
"adult-xgboost-80/20-horizontal75-s55","finished","adult","xgboost","80/20","75","horizontal","55","0.8752592592592593","0.5851851851851851","0.5832647188704942"
"adult-xgboost-80/20-horizontal75-s44","finished","adult","xgboost","80/20","75","horizontal","44","0.8705185185185185","0.5925925925925926","0.5718417587196963"
"adult-xgboost-80/20-horizontal75-s22","finished","adult","xgboost","80/20","75","horizontal","22","0.8805925925925926","0.6133333333333333","0.6046595907356366"
"adult-xgboost-80/20-horizontal75-s33","finished","adult","xgboost","80/20","75","horizontal","33","0.8717037037037038","0.5644444444444444","0.5683489338207991"
"adult-xgboost-80/20-horizontal75-s11","finished","adult","xgboost","80/20","75","horizontal","11","0.8743703703703704","0.5777777777777777","0.5790536431826249"
"adult-xgboost-80/20-vertical100-s44","finished","adult","xgboost","80/20","100","vertical","44","0.8808888888888889","0.6077777777777778","0.6042995573522866"
"adult-xgboost-80/20-vertical100-s55","finished","adult","xgboost","80/20","100","vertical","55","0.8808888888888889","0.6111111111111112","0.6050144620642842"
"adult-xgboost-80/20-vertical100-s22","finished","adult","xgboost","80/20","100","vertical","22","0.8835555555555555","0.6133333333333333","0.6131153316013735"
"adult-xgboost-80/20-vertical100-s33","finished","adult","xgboost","80/20","100","vertical","33","0.8842222222222222","0.6133333333333333","0.6150450628382956"
"adult-xgboost-80/20-horizontal100-s55","finished","adult","xgboost","80/20","100","horizontal","55","0.8808888888888889","0.6111111111111112","0.6050144620642842"
"adult-xgboost-80/20-vertical100-s11","finished","adult","xgboost","80/20","100","vertical","11","0.8742222222222222","0.56","0.5747768525940483"
"adult-xgboost-80/20-horizontal100-s44","finished","adult","xgboost","80/20","100","horizontal","44","0.8808888888888889","0.6077777777777778","0.6042995573522866"
"adult-xgboost-80/20-horizontal100-s33","finished","adult","xgboost","80/20","100","horizontal","33","0.8842222222222222","0.6133333333333333","0.6150450628382956"
"adult-xgboost-80/20-horizontal100-s11","finished","adult","xgboost","80/20","100","horizontal","11","0.8742222222222222","0.56","0.5747768525940483"
"adult-xgboost-80/20-horizontal100-s22","finished","adult","xgboost","80/20","100","horizontal","22","0.8835555555555555","0.6133333333333333","0.6131153316013735"
"adult-xgboost-50/50-vertical25-s44","finished","adult","xgboost","50/50","25","vertical","44","0.8442222222222222","0.8782222222222222","0.69004166931523"
"adult-xgboost-50/50-vertical25-s55","finished","adult","xgboost","50/50","25","vertical","55","0.8346666666666667","0.8768888888888889","0.6717326353599382"
"adult-xgboost-50/50-vertical25-s33","finished","adult","xgboost","50/50","25","vertical","33","0.8322222222222222","0.8662222222222222","0.6659859881383272"
"adult-xgboost-50/50-vertical25-s22","finished","adult","xgboost","50/50","25","vertical","22","0.842","0.8875555555555555","0.6868568209331305"
"adult-xgboost-50/50-vertical25-s11","finished","adult","xgboost","50/50","25","vertical","11","0.8408888888888889","0.872","0.6831014095603392"
"adult-xgboost-50/50-horizontal25-s44","finished","adult","xgboost","50/50","25","horizontal","44","0.8197158081705151","0.8436944937833037","0.6401682045595641"
"adult-xgboost-50/50-horizontal25-s55","finished","adult","xgboost","50/50","25","horizontal","55","0.8337777777777777","0.872113676731794","0.6694920104921087"
"adult-xgboost-50/50-horizontal25-s22","finished","adult","xgboost","50/50","25","horizontal","22","0.832","0.8507992895204263","0.6644518259505889"
"adult-xgboost-50/50-horizontal25-s33","finished","adult","xgboost","50/50","25","horizontal","33","0.8257777777777778","0.8188277087033747","0.6516255896660953"
"adult-xgboost-50/50-vertical50-s55","finished","adult","xgboost","50/50","50","vertical","55","0.8404444444444444","0.8817777777777778","0.6832274030816806"
"adult-xgboost-50/50-horizontal25-s11","finished","adult","xgboost","50/50","25","horizontal","11","0.8293333333333334","0.8274021352313167","0.6586694816716903"
"adult-xgboost-50/50-vertical50-s44","finished","adult","xgboost","50/50","50","vertical","44","0.8411111111111111","0.8715555555555555","0.6834904043165259"
"adult-xgboost-50/50-vertical50-s22","finished","adult","xgboost","50/50","50","vertical","22","0.8422222222222222","0.8822222222222222","0.6866452361188317"
"adult-xgboost-50/50-vertical50-s33","finished","adult","xgboost","50/50","50","vertical","33","0.8308888888888889","0.8595555555555555","0.6628681351529213"
"adult-xgboost-50/50-vertical50-s11","finished","adult","xgboost","50/50","50","vertical","11","0.8406666666666667","0.8671111111111112","0.6822882617461852"
"adult-xgboost-50/50-horizontal50-s55","finished","adult","xgboost","50/50","50","horizontal","55","0.8226666666666667","0.8328888888888889","0.645468242325866"
"adult-xgboost-50/50-horizontal50-s33","finished","adult","xgboost","50/50","50","horizontal","33","0.8391111111111111","0.8373333333333334","0.6782265092971635"
"adult-xgboost-50/50-horizontal50-s44","finished","adult","xgboost","50/50","50","horizontal","44","0.8364444444444444","0.856","0.6734041320873153"
"adult-xgboost-50/50-horizontal50-s22","finished","adult","xgboost","50/50","50","horizontal","22","0.8257777777777778","0.8471111111111111","0.652149426856636"
"adult-xgboost-50/50-horizontal50-s11","finished","adult","xgboost","50/50","50","horizontal","11","0.8311111111111111","0.8453333333333334","0.6624902823995102"
"adult-xgboost-50/50-vertical75-s55","finished","adult","xgboost","50/50","75","vertical","55","0.84","0.8755555555555555","0.681725856879244"
"adult-xgboost-50/50-vertical75-s44","finished","adult","xgboost","50/50","75","vertical","44","0.8511111111111112","0.8777777777777778","0.703223073928743"
"adult-xgboost-50/50-vertical75-s33","finished","adult","xgboost","50/50","75","vertical","33","0.8293333333333334","0.8568888888888889","0.6596692135574808"
"adult-xgboost-50/50-vertical75-s22","finished","adult","xgboost","50/50","75","vertical","22","0.8431111111111111","0.8737777777777778","0.6875165829452993"
"adult-xgboost-50/50-horizontal75-s55","finished","adult","xgboost","50/50","75","horizontal","55","0.8334814814814815","0.8642560758743332","0.6682392330865844"
"adult-xgboost-50/50-vertical75-s11","finished","adult","xgboost","50/50","75","vertical","11","0.8435555555555555","0.8671111111111112","0.6878748894368258"
"adult-xgboost-50/50-horizontal75-s44","finished","adult","xgboost","50/50","75","horizontal","44","0.8337777777777777","0.8536729857819905","0.668078409690078"
"adult-xgboost-50/50-horizontal75-s33","finished","adult","xgboost","50/50","75","horizontal","33","0.8385185185185186","0.8701837581505631","0.6784081684026017"
"adult-xgboost-50/50-horizontal75-s22","finished","adult","xgboost","50/50","75","horizontal","22","0.8397037037037037","0.8744075829383886","0.6810397496589508"
"adult-xgboost-50/50-horizontal75-s11","finished","adult","xgboost","50/50","75","horizontal","11","0.8364444444444444","0.8613744075829384","0.6737192579738482"
"adult-xgboost-50/50-vertical100-s55","finished","adult","xgboost","50/50","100","vertical","55","0.8404444444444444","0.872","0.6822489475130705"
"adult-xgboost-50/50-vertical100-s44","finished","adult","xgboost","50/50","100","vertical","44","0.842","0.8684444444444445","0.6849586659017476"
"adult-xgboost-50/50-vertical100-s33","finished","adult","xgboost","50/50","100","vertical","33","0.8346666666666667","0.86","0.6701941175033016"
"adult-xgboost-50/50-vertical100-s11","finished","adult","xgboost","50/50","100","vertical","11","0.8433333333333334","0.8724444444444445","0.6878334746224827"
"adult-xgboost-50/50-vertical100-s22","finished","adult","xgboost","50/50","100","vertical","22","0.8428888888888889","0.8688888888888889","0.6867068338842486"
"adult-xgboost-50/50-horizontal100-s55","finished","adult","xgboost","50/50","100","horizontal","55","0.8404444444444444","0.872","0.6822489475130705"
"adult-xgboost-50/50-horizontal100-s44","finished","adult","xgboost","50/50","100","horizontal","44","0.842","0.8684444444444445","0.6849586659017476"
"adult-xgboost-50/50-horizontal100-s33","finished","adult","xgboost","50/50","100","horizontal","33","0.8346666666666667","0.86","0.6701941175033016"
"adult-xgboost-50/50-horizontal100-s11","finished","adult","xgboost","50/50","100","horizontal","11","0.8433333333333334","0.8724444444444445","0.6878334746224827"
"adult-xgboost-50/50-horizontal100-s22","finished","adult","xgboost","50/50","100","horizontal","22","0.8428888888888889","0.8688888888888889","0.6867068338842486"
"adult-random_forest-95/5-vertical25-s44","finished","adult","random_forest","95/5","25","vertical","44","0.9548888888888888","0.3022222222222222","0.4042541644444365"
"adult-random_forest-95/5-vertical25-s55","finished","adult","random_forest","95/5","25","vertical","55","0.9542222222222222","0.2577777777777778","0.3731610051147306"
"adult-random_forest-95/5-vertical25-s33","finished","adult","random_forest","95/5","25","vertical","33","0.9537777777777776","0.3511111111111111","0.4210958900040996"
"adult-random_forest-95/5-vertical25-s11","finished","adult","random_forest","95/5","25","vertical","11","0.95","0.29777777777777775","0.3617230986092916"
"adult-random_forest-95/5-vertical25-s22","finished","adult","random_forest","95/5","25","vertical","22","0.9506666666666668","0.30666666666666664","0.37207761498445"
"adult-random_forest-95/5-horizontal25-s55","finished","adult","random_forest","95/5","25","horizontal","55","0.9528888888888888","0.23214285714285715","0.34238960408433555"
"adult-random_forest-95/5-horizontal25-s44","finished","adult","random_forest","95/5","25","horizontal","44","0.9528888888888888","0.14285714285714285","0.2811924073587973"
"adult-random_forest-95/5-horizontal25-s33","finished","adult","random_forest","95/5","25","horizontal","33","0.9591111111111112","0.32142857142857145","0.4544130930091993"
"adult-random_forest-95/5-horizontal25-s11","finished","adult","random_forest","95/5","25","horizontal","11","0.9653333333333334","0.38596491228070173","0.557892445678665"
"adult-random_forest-95/5-horizontal25-s22","finished","adult","random_forest","95/5","25","horizontal","22","0.9537777777777776","0.25","0.3622106903338263"
"adult-random_forest-95/5-vertical50-s55","finished","adult","random_forest","95/5","50","vertical","55","0.9535555555555556","0.24888888888888888","0.36129660820001314"
"adult-random_forest-95/5-vertical50-s33","finished","adult","random_forest","95/5","50","vertical","33","0.956","0.3333333333333333","0.4305427800400327"
"adult-random_forest-95/5-vertical50-s44","finished","adult","random_forest","95/5","50","vertical","44","0.9535555555555556","0.28888888888888886","0.38478767177456"
"adult-random_forest-95/5-vertical50-s22","finished","adult","random_forest","95/5","50","vertical","22","0.9531111111111112","0.30666666666666664","0.39116801813053653"
"adult-random_forest-95/5-horizontal50-s55","finished","adult","random_forest","95/5","50","horizontal","55","0.9537777777777776","0.23893805309734512","0.35960868901408904"
"adult-random_forest-95/5-vertical50-s11","finished","adult","random_forest","95/5","50","vertical","11","0.9486666666666668","0.29777777777777775","0.35236858551710115"
"adult-random_forest-95/5-horizontal50-s44","finished","adult","random_forest","95/5","50","horizontal","44","0.9533333333333334","0.19642857142857145","0.32391444500176714"
"adult-random_forest-95/5-horizontal50-s33","finished","adult","random_forest","95/5","50","horizontal","33","0.9555555555555556","0.3125","0.4141090877094832"
"adult-random_forest-95/5-horizontal50-s22","finished","adult","random_forest","95/5","50","horizontal","22","0.9564444444444444","0.29464285714285715","0.4136116619964813"
"adult-random_forest-95/5-horizontal50-s11","finished","adult","random_forest","95/5","50","horizontal","11","0.9546666666666668","0.26785714285714285","0.3814006638887544"
"adult-random_forest-95/5-vertical75-s55","finished","adult","random_forest","95/5","75","vertical","55","0.9528888888888888","0.2311111111111111","0.3437151431423107"
"adult-random_forest-95/5-vertical75-s44","finished","adult","random_forest","95/5","75","vertical","44","0.9546666666666668","0.27555555555555555","0.3876027226777077"
"adult-random_forest-95/5-vertical75-s33","finished","adult","random_forest","95/5","75","vertical","33","0.9544444444444444","0.3022222222222222","0.4002020533039239"
"adult-random_forest-95/5-vertical75-s22","finished","adult","random_forest","95/5","75","vertical","22","0.9557777777777776","0.28","0.4011943890423233"
"adult-random_forest-95/5-horizontal75-s55","finished","adult","random_forest","95/5","75","horizontal","55","0.954074074074074","0.26785714285714285","0.37562056334182153"
"adult-random_forest-95/5-vertical75-s11","finished","adult","random_forest","95/5","75","vertical","11","0.9522222222222222","0.27555555555555555","0.36532117910468337"
"adult-random_forest-95/5-horizontal75-s33","finished","adult","random_forest","95/5","75","horizontal","33","0.956457345971564","0.27218934911242604","0.40509390878430385"
"adult-random_forest-95/5-horizontal75-s44","finished","adult","random_forest","95/5","75","horizontal","44","0.9499407582938388","0.22485207100591717","0.3131228547399235"
"adult-random_forest-95/5-horizontal75-s22","finished","adult","random_forest","95/5","75","horizontal","22","0.9576296296296296","0.33727810650887574","0.44837294383561976"
"adult-random_forest-95/5-horizontal75-s11","finished","adult","random_forest","95/5","75","horizontal","11","0.9567407407407408","0.3136094674556213","0.4284396064469756"
"adult-random_forest-95/5-vertical100-s55","finished","adult","random_forest","95/5","100","vertical","55","0.9546666666666668","0.2311111111111111","0.36260383373007743"
"adult-random_forest-95/5-vertical100-s44","finished","adult","random_forest","95/5","100","vertical","44","0.956","0.3022222222222222","0.4148446959111969"
"adult-random_forest-95/5-vertical100-s33","finished","adult","random_forest","95/5","100","vertical","33","0.956","0.30666666666666664","0.4171003380221984"
"adult-random_forest-95/5-vertical100-s22","finished","adult","random_forest","95/5","100","vertical","22","0.9546666666666668","0.27555555555555555","0.3876027226777077"
"adult-random_forest-95/5-vertical100-s11","finished","adult","random_forest","95/5","100","vertical","11","0.9526666666666668","0.27555555555555555","0.3691390399539955"
"adult-random_forest-95/5-horizontal100-s55","finished","adult","random_forest","95/5","100","horizontal","55","0.9546666666666668","0.2311111111111111","0.36260383373007743"
"adult-random_forest-95/5-horizontal100-s44","finished","adult","random_forest","95/5","100","horizontal","44","0.956","0.3022222222222222","0.4148446959111969"
"adult-random_forest-95/5-horizontal100-s22","finished","adult","random_forest","95/5","100","horizontal","22","0.9546666666666668","0.27555555555555555","0.3876027226777077"
"adult-random_forest-95/5-horizontal100-s33","finished","adult","random_forest","95/5","100","horizontal","33","0.956","0.30666666666666664","0.4171003380221984"
"adult-random_forest-95/5-horizontal100-s11","finished","adult","random_forest","95/5","100","horizontal","11","0.9526666666666668","0.27555555555555555","0.3691390399539955"
"adult-random_forest-90/10-vertical25-s44","finished","adult","random_forest","90/10","25","vertical","44","0.9195555555555556","0.4622222222222222","0.4992335635936388"
"adult-random_forest-90/10-vertical25-s55","finished","adult","random_forest","90/10","25","vertical","55","0.9151111111111112","0.43333333333333335","0.4678654679961896"
"adult-random_forest-90/10-vertical25-s33","finished","adult","random_forest","90/10","25","vertical","33","0.9191111111111112","0.43777777777777777","0.48755517388907055"
"adult-random_forest-90/10-vertical25-s22","finished","adult","random_forest","90/10","25","vertical","22","0.9162222222222224","0.43555555555555553","0.4736438482793715"
"adult-random_forest-90/10-vertical25-s11","finished","adult","random_forest","90/10","25","vertical","11","0.9191111111111112","0.46","0.49638405695212257"
"adult-random_forest-90/10-horizontal25-s44","finished","adult","random_forest","90/10","25","horizontal","44","0.9182948490230906","0.44642857142857145","0.48561202114393354"
"adult-random_forest-90/10-horizontal25-s55","finished","adult","random_forest","90/10","25","horizontal","55","0.92","0.3893805309734513","0.4749085677496509"
"adult-random_forest-90/10-horizontal25-s33","finished","adult","random_forest","90/10","25","horizontal","33","0.9182222222222224","0.38392857142857145","0.4602248493312434"
"adult-random_forest-90/10-horizontal25-s11","finished","adult","random_forest","90/10","25","horizontal","11","0.9182222222222224","0.2920353982300885","0.42977870683082187"
"adult-random_forest-90/10-horizontal25-s22","finished","adult","random_forest","90/10","25","horizontal","22","0.9138543516873888","0.3482142857142857","0.42263637225478706"
"adult-random_forest-90/10-vertical50-s55","finished","adult","random_forest","90/10","50","vertical","55","0.9095555555555556","0.42","0.43881274439093687"
"adult-random_forest-90/10-vertical50-s44","finished","adult","random_forest","90/10","50","vertical","44","0.9142222222222224","0.43555555555555553","0.4650394838954443"
"adult-random_forest-90/10-vertical50-s33","finished","adult","random_forest","90/10","50","vertical","33","0.916","0.3955555555555555","0.4557229160829218"
"adult-random_forest-90/10-vertical50-s11","finished","adult","random_forest","90/10","50","vertical","11","0.9182222222222224","0.44222222222222224","0.4852827116344587"
"adult-random_forest-90/10-vertical50-s22","finished","adult","random_forest","90/10","50","vertical","22","0.9213333333333332","0.4288888888888889","0.49474629028990863"
"adult-random_forest-90/10-horizontal50-s55","finished","adult","random_forest","90/10","50","horizontal","55","0.92","0.4266666666666667","0.48740613027794033"
"adult-random_forest-90/10-horizontal50-s44","finished","adult","random_forest","90/10","50","horizontal","44","0.9146666666666666","0.4","0.4514351981541071"
"adult-random_forest-90/10-horizontal50-s33","finished","adult","random_forest","90/10","50","horizontal","33","0.9186666666666666","0.4044444444444445","0.472241581860073"
"adult-random_forest-90/10-horizontal50-s11","finished","adult","random_forest","90/10","50","horizontal","11","0.9248888888888888","0.4177777777777778","0.5093779749961248"
"adult-random_forest-90/10-horizontal50-s22","finished","adult","random_forest","90/10","50","horizontal","22","0.9208888888888888","0.37777777777777777","0.4737801438544301"
"adult-random_forest-90/10-vertical75-s55","finished","adult","random_forest","90/10","75","vertical","55","0.9113333333333332","0.42","0.44600492519227675"
"adult-random_forest-90/10-vertical75-s44","finished","adult","random_forest","90/10","75","vertical","44","0.918","0.43555555555555553","0.4815751030388912"
"adult-random_forest-90/10-vertical75-s33","finished","adult","random_forest","90/10","75","vertical","33","0.9193333333333332","0.4155555555555556","0.47986931735618066"
"adult-random_forest-90/10-vertical75-s22","finished","adult","random_forest","90/10","75","vertical","22","0.9193333333333332","0.4155555555555556","0.47986931735618066"
"adult-random_forest-90/10-vertical75-s11","finished","adult","random_forest","90/10","75","vertical","11","0.9206666666666666","0.44222222222222224","0.4965497278890671"
"adult-random_forest-90/10-horizontal75-s55","finished","adult","random_forest","90/10","75","horizontal","55","0.9185185185185184","0.4230769230769231","0.4794417803099307"
"adult-random_forest-90/10-horizontal75-s33","finished","adult","random_forest","90/10","75","horizontal","33","0.9158518518518518","0.40828402366863903","0.46093507204671713"
"adult-random_forest-90/10-horizontal75-s44","finished","adult","random_forest","90/10","75","horizontal","44","0.9161481481481482","0.4408284023668639","0.47601438289556575"
"adult-random_forest-90/10-horizontal75-s11","finished","adult","random_forest","90/10","75","horizontal","11","0.9235555555555556","0.4391691394658754","0.5090294311104208"
"adult-random_forest-90/10-horizontal75-s22","finished","adult","random_forest","90/10","75","horizontal","22","0.9164444444444444","0.4230769230769231","0.46986889775153895"
"adult-random_forest-90/10-vertical100-s55","finished","adult","random_forest","90/10","100","vertical","55","0.912","0.4288888888888889","0.45281689590262814"
"adult-random_forest-90/10-vertical100-s44","finished","adult","random_forest","90/10","100","vertical","44","0.9206666666666666","0.43777777777777777","0.4948560643826525"
"adult-random_forest-90/10-vertical100-s33","finished","adult","random_forest","90/10","100","vertical","33","0.9171111111111112","0.3977777777777778","0.46196605222654874"
"adult-random_forest-90/10-vertical100-s11","finished","adult","random_forest","90/10","100","vertical","11","0.918","0.43777777777777777","0.4824780991860746"
"adult-random_forest-90/10-vertical100-s22","finished","adult","random_forest","90/10","100","vertical","22","0.9188888888888888","0.4177777777777778","0.47859337785165706"
"adult-random_forest-90/10-horizontal100-s55","finished","adult","random_forest","90/10","100","horizontal","55","0.912","0.4288888888888889","0.45281689590262814"
"adult-random_forest-90/10-horizontal100-s44","finished","adult","random_forest","90/10","100","horizontal","44","0.9206666666666666","0.43777777777777777","0.4948560643826525"
"adult-random_forest-90/10-horizontal100-s33","finished","adult","random_forest","90/10","100","horizontal","33","0.9171111111111112","0.3977777777777778","0.46196605222654874"
"adult-random_forest-90/10-horizontal100-s11","finished","adult","random_forest","90/10","100","horizontal","11","0.918","0.43777777777777777","0.4824780991860746"
"adult-random_forest-90/10-horizontal100-s22","finished","adult","random_forest","90/10","100","horizontal","22","0.9188888888888888","0.4177777777777778","0.47859337785165706"
"adult-random_forest-80/20-vertical25-s55","finished","adult","random_forest","80/20","25","vertical","55","0.854","0.5477777777777778","0.5153332291250832"
"adult-random_forest-80/20-vertical25-s44","finished","adult","random_forest","80/20","25","vertical","44","0.8588888888888889","0.5611111111111111","0.5321167128940445"
"adult-random_forest-80/20-vertical25-s33","finished","adult","random_forest","80/20","25","vertical","33","0.8593333333333333","0.5711111111111111","0.5362144462784996"
"adult-random_forest-80/20-vertical25-s22","finished","adult","random_forest","80/20","25","vertical","22","0.8675555555555555","0.5822222222222222","0.5611171966603883"
"adult-random_forest-80/20-horizontal25-s55","finished","adult","random_forest","80/20","25","horizontal","55","0.8551111111111112","0.5733333333333334","0.5261147196450522"
"adult-random_forest-80/20-vertical25-s11","finished","adult","random_forest","80/20","25","vertical","11","0.852","0.5333333333333333","0.5056572049301434"
"adult-random_forest-80/20-horizontal25-s44","finished","adult","random_forest","80/20","25","horizontal","44","0.8515555555555555","0.5288888888888889","0.5031134691552046"
"adult-random_forest-80/20-horizontal25-s33","finished","adult","random_forest","80/20","25","horizontal","33","0.8568888888888889","0.5288888888888889","0.5174724314833817"
"adult-random_forest-80/20-horizontal25-s11","finished","adult","random_forest","80/20","25","horizontal","11","0.8577777777777778","0.5155555555555555","0.5162725874198103"
"adult-random_forest-80/20-horizontal25-s22","finished","adult","random_forest","80/20","25","horizontal","22","0.856","0.5333333333333333","0.5163207392418918"
"adult-random_forest-80/20-vertical50-s55","finished","adult","random_forest","80/20","50","vertical","55","0.8555555555555555","0.5533333333333333","0.5210746398790822"
"adult-random_forest-80/20-vertical50-s44","finished","adult","random_forest","80/20","50","vertical","44","0.8613333333333333","0.5611111111111111","0.5386137081851617"
"adult-random_forest-80/20-vertical50-s33","finished","adult","random_forest","80/20","50","vertical","33","0.8644444444444445","0.5711111111111111","0.5497407076491568"
"adult-random_forest-80/20-vertical50-s22","finished","adult","random_forest","80/20","50","vertical","22","0.8595555555555555","0.5544444444444444","0.5319644482427859"
"adult-random_forest-80/20-vertical50-s11","finished","adult","random_forest","80/20","50","vertical","11","0.8582222222222222","0.5355555555555556","0.5230122179492482"
"adult-random_forest-80/20-horizontal50-s55","finished","adult","random_forest","80/20","50","horizontal","55","0.8706666666666667","0.5688888888888889","0.566407141314989"
"adult-random_forest-80/20-horizontal50-s33","finished","adult","random_forest","80/20","50","horizontal","33","0.8608888888888889","0.5822222222222222","0.5435128237881746"
"adult-random_forest-80/20-horizontal50-s44","finished","adult","random_forest","80/20","50","horizontal","44","0.8666666666666667","0.5977777777777777","0.5629583187149887"
"adult-random_forest-80/20-horizontal50-s11","finished","adult","random_forest","80/20","50","horizontal","11","0.8711111111111111","0.6088888888888889","0.577664648879957"
"adult-random_forest-80/20-horizontal50-s22","finished","adult","random_forest","80/20","50","horizontal","22","0.8675555555555555","0.5822222222222222","0.5611171966603883"
"adult-random_forest-80/20-vertical75-s55","finished","adult","random_forest","80/20","75","vertical","55","0.8551111111111112","0.5544444444444444","0.520258482764951"
"adult-random_forest-80/20-vertical75-s44","finished","adult","random_forest","80/20","75","vertical","44","0.8646666666666667","0.5822222222222222","0.5533819710750925"
"adult-random_forest-80/20-vertical75-s33","finished","adult","random_forest","80/20","75","vertical","33","0.8624444444444445","0.5644444444444444","0.5425266179007308"
"adult-random_forest-80/20-vertical75-s22","finished","adult","random_forest","80/20","75","vertical","22","0.8655555555555555","0.5655555555555556","0.5512844415471845"
"adult-random_forest-80/20-vertical75-s11","finished","adult","random_forest","80/20","75","vertical","11","0.8595555555555555","0.5344444444444445","0.526387886686706"
"adult-random_forest-80/20-horizontal75-s55","finished","adult","random_forest","80/20","75","horizontal","55","0.8586666666666667","0.5511111111111111","0.5286309355145701"
"adult-random_forest-80/20-horizontal75-s44","finished","adult","random_forest","80/20","75","horizontal","44","0.8568888888888889","0.5496296296296296","0.5234677675084431"
"adult-random_forest-80/20-horizontal75-s33","finished","adult","random_forest","80/20","75","horizontal","33","0.8604444444444445","0.5777777777777777","0.5410582781722378"
"adult-random_forest-80/20-horizontal75-s22","finished","adult","random_forest","80/20","75","horizontal","22","0.8728888888888889","0.6014814814814815","0.5805331121719497"
"adult-random_forest-80/20-horizontal75-s11","finished","adult","random_forest","80/20","75","horizontal","11","0.8642962962962963","0.5496296296296296","0.5436502143433364"
"adult-random_forest-80/20-vertical100-s55","finished","adult","random_forest","80/20","100","vertical","55","0.8602222222222222","0.5666666666666667","0.5372411576232847"
"adult-random_forest-80/20-vertical100-s33","finished","adult","random_forest","80/20","100","vertical","33","0.8628888888888889","0.5588888888888889","0.5422073102374065"
"adult-random_forest-80/20-vertical100-s44","finished","adult","random_forest","80/20","100","vertical","44","0.8635555555555555","0.57","0.5470450477018014"
"adult-random_forest-80/20-vertical100-s22","finished","adult","random_forest","80/20","100","vertical","22","0.8655555555555555","0.5766666666666667","0.5542375960160593"
"adult-random_forest-80/20-vertical100-s11","finished","adult","random_forest","80/20","100","vertical","11","0.8584444444444445","0.5333333333333333","0.5230041085344583"
"adult-random_forest-80/20-horizontal100-s55","finished","adult","random_forest","80/20","100","horizontal","55","0.8602222222222222","0.5666666666666667","0.5372411576232847"
"adult-random_forest-80/20-horizontal100-s44","finished","adult","random_forest","80/20","100","horizontal","44","0.8635555555555555","0.57","0.5470450477018014"
"adult-random_forest-80/20-horizontal100-s33","finished","adult","random_forest","80/20","100","horizontal","33","0.8628888888888889","0.5588888888888889","0.5422073102374065"
"adult-random_forest-80/20-horizontal100-s11","finished","adult","random_forest","80/20","100","horizontal","11","0.8584444444444445","0.5333333333333333","0.5230041085344583"
"adult-random_forest-80/20-horizontal100-s22","finished","adult","random_forest","80/20","100","horizontal","22","0.8655555555555555","0.5766666666666667","0.5542375960160593"
"adult-random_forest-50/50-vertical25-s44","finished","adult","random_forest","50/50","25","vertical","44","0.8057777777777778","0.8151111111111111","0.6116621299757141"
"adult-random_forest-50/50-vertical25-s55","finished","adult","random_forest","50/50","25","vertical","55","0.8024444444444444","0.8164444444444444","0.6051261448489558"
"adult-random_forest-50/50-vertical25-s33","finished","adult","random_forest","50/50","25","vertical","33","0.7951111111111111","0.8106666666666666","0.5905080681507167"
"adult-random_forest-50/50-vertical25-s11","finished","adult","random_forest","50/50","25","vertical","11","0.8124444444444444","0.84","0.6258400231186356"
"adult-random_forest-50/50-vertical25-s22","finished","adult","random_forest","50/50","25","vertical","22","0.8044444444444444","0.8204444444444444","0.6092008796293458"
"adult-random_forest-50/50-horizontal25-s55","finished","adult","random_forest","50/50","25","horizontal","55","0.8177777777777778","0.8472468916518651","0.6366328964647319"
"adult-random_forest-50/50-horizontal25-s44","finished","adult","random_forest","50/50","25","horizontal","44","0.8001776198934281","0.8134991119005328","0.6005684339576465"
"adult-random_forest-50/50-horizontal25-s33","finished","adult","random_forest","50/50","25","horizontal","33","0.8186666666666667","0.8081705150976909","0.6374849983849101"
"adult-random_forest-50/50-horizontal25-s11","finished","adult","random_forest","50/50","25","horizontal","11","0.8355555555555556","0.8469750889679716","0.6712969021256234"
"adult-random_forest-50/50-horizontal25-s22","finished","adult","random_forest","50/50","25","horizontal","22","0.832","0.8472468916518651","0.664294171392775"
"adult-random_forest-50/50-vertical50-s55","finished","adult","random_forest","50/50","50","vertical","55","0.8062222222222222","0.8155555555555556","0.6125511737692835"
"adult-random_forest-50/50-vertical50-s44","finished","adult","random_forest","50/50","50","vertical","44","0.8106666666666666","0.8142222222222222","0.6213490436904826"
"adult-random_forest-50/50-vertical50-s33","finished","adult","random_forest","50/50","50","vertical","33","0.8075555555555556","0.8151111111111111","0.6151813521229311"
"adult-random_forest-50/50-vertical50-s11","finished","adult","random_forest","50/50","50","vertical","11","0.8164444444444444","0.8306666666666667","0.6331450752596661"
"adult-random_forest-50/50-vertical50-s22","finished","adult","random_forest","50/50","50","vertical","22","0.8084444444444444","0.82","0.6170537023277655"
"adult-random_forest-50/50-horizontal50-s55","finished","adult","random_forest","50/50","50","horizontal","55","0.8208888888888889","0.8284444444444444","0.641851063920168"
"adult-random_forest-50/50-horizontal50-s33","finished","adult","random_forest","50/50","50","horizontal","33","0.82","0.8017777777777778","0.6404254470651223"
"adult-random_forest-50/50-horizontal50-s44","finished","adult","random_forest","50/50","50","horizontal","44","0.8168888888888889","0.8088888888888889","0.6338589169123796"
"adult-random_forest-50/50-horizontal50-s11","finished","adult","random_forest","50/50","50","horizontal","11","0.8182222222222222","0.8168888888888889","0.6364467073700937"
"adult-random_forest-50/50-horizontal50-s22","finished","adult","random_forest","50/50","50","horizontal","22","0.8115555555555556","0.8186666666666667","0.6231741395151643"
"adult-random_forest-50/50-vertical75-s55","finished","adult","random_forest","50/50","75","vertical","55","0.8128888888888889","0.8266666666666667","0.6260154923977322"
"adult-random_forest-50/50-vertical75-s33","finished","adult","random_forest","50/50","75","vertical","33","0.8106666666666666","0.8195555555555556","0.6214315426214158"
"adult-random_forest-50/50-vertical75-s44","finished","adult","random_forest","50/50","75","vertical","44","0.8151111111111111","0.8204444444444444","0.6302580779239131"
"adult-random_forest-50/50-vertical75-s22","finished","adult","random_forest","50/50","75","vertical","22","0.8095555555555556","0.8217777777777778","0.6192961630445514"
"adult-random_forest-50/50-vertical75-s11","finished","adult","random_forest","50/50","75","vertical","11","0.8168888888888889","0.8324444444444444","0.6340847177582244"
"adult-random_forest-50/50-horizontal75-s55","finished","adult","random_forest","50/50","75","horizontal","55","0.8118518518518518","0.8221695317131001","0.6238401772166078"
"adult-random_forest-50/50-horizontal75-s33","finished","adult","random_forest","50/50","75","horizontal","33","0.8127407407407408","0.8340248962655602","0.6260562787948668"
"adult-random_forest-50/50-horizontal75-s44","finished","adult","random_forest","50/50","75","horizontal","44","0.8085925925925926","0.8127962085308057","0.6172054517003671"
"adult-random_forest-50/50-horizontal75-s22","finished","adult","random_forest","50/50","75","horizontal","22","0.808","0.8281990521327014","0.6164961273983824"
"adult-random_forest-50/50-horizontal75-s11","finished","adult","random_forest","50/50","75","horizontal","11","0.8112592592592592","0.832345971563981","0.6230655215512538"
"adult-random_forest-50/50-vertical100-s55","finished","adult","random_forest","50/50","100","vertical","55","0.8144444444444444","0.8271111111111111","0.6290907895323878"
"adult-random_forest-50/50-vertical100-s44","finished","adult","random_forest","50/50","100","vertical","44","0.8162222222222222","0.8155555555555556","0.6324450066180335"
"adult-random_forest-50/50-vertical100-s33","finished","adult","random_forest","50/50","100","vertical","33","0.8106666666666666","0.8173333333333334","0.6213885703280048"
"adult-random_forest-50/50-vertical100-s22","finished","adult","random_forest","50/50","100","vertical","22","0.814","0.8311111111111111","0.6283680677264183"
"adult-random_forest-50/50-vertical100-s11","finished","adult","random_forest","50/50","100","vertical","11","0.8144444444444444","0.8275555555555556","0.6291052140077606"
"adult-random_forest-50/50-horizontal100-s55","finished","adult","random_forest","50/50","100","horizontal","55","0.8144444444444444","0.8271111111111111","0.6290907895323878"
"adult-random_forest-50/50-horizontal100-s44","finished","adult","random_forest","50/50","100","horizontal","44","0.8162222222222222","0.8155555555555556","0.6324450066180335"
"adult-random_forest-50/50-horizontal100-s33","finished","adult","random_forest","50/50","100","horizontal","33","0.8106666666666666","0.8173333333333334","0.6213885703280048"
"adult-random_forest-50/50-horizontal100-s11","finished","adult","random_forest","50/50","100","horizontal","11","0.8144444444444444","0.8275555555555556","0.6291052140077606"
"adult-random_forest-50/50-horizontal100-s22","finished","adult","random_forest","50/50","100","horizontal","22","0.814","0.8311111111111111","0.6283680677264183"
"adult-logistic_regression-95/5-vertical25-s55","finished","adult","logistic_regression","95/5","25","vertical","55","0.9542222222222222","0.16","0.3151937040372534"
"adult-logistic_regression-95/5-vertical25-s44","finished","adult","logistic_regression","95/5","25","vertical","44","0.956","0.18222222222222223","0.3549501853371269"
"adult-logistic_regression-95/5-vertical25-s33","finished","adult","logistic_regression","95/5","25","vertical","33","0.9577777777777776","0.21777777777777776","0.3979033047074262"
"adult-logistic_regression-95/5-vertical25-s22","finished","adult","logistic_regression","95/5","25","vertical","22","0.9544444444444444","0.17333333333333334","0.32633009185724504"
"adult-logistic_regression-95/5-horizontal25-s44","finished","adult","logistic_regression","95/5","25","horizontal","44","0.9528888888888888","0.17857142857142858","0.3066730980405425"
"adult-logistic_regression-95/5-vertical25-s11","finished","adult","logistic_regression","95/5","25","vertical","11","0.9548888888888888","0.2","0.34768999486946545"
"adult-logistic_regression-95/5-horizontal25-s55","finished","adult","logistic_regression","95/5","25","horizontal","55","0.9528888888888888","0.14285714285714285","0.2811924073587973"
"adult-logistic_regression-95/5-horizontal25-s11","finished","adult","logistic_regression","95/5","25","horizontal","11","0.9617777777777776","0.2982456140350877","0.4903331449219361"
"adult-logistic_regression-95/5-horizontal25-s22","finished","adult","logistic_regression","95/5","25","horizontal","22","0.9528888888888888","0.19642857142857145","0.3189067945535653"
"adult-logistic_regression-95/5-horizontal25-s33","finished","adult","logistic_regression","95/5","25","horizontal","33","0.9537777777777776","0.26785714285714285","0.37281023098376315"
"adult-logistic_regression-95/5-vertical50-s55","finished","adult","logistic_regression","95/5","50","vertical","55","0.9546666666666668","0.16444444444444445","0.3246447896155818"
"adult-logistic_regression-95/5-vertical50-s44","finished","adult","logistic_regression","95/5","50","vertical","44","0.956","0.17777777777777778","0.35299804635056714"
"adult-logistic_regression-95/5-vertical50-s33","finished","adult","logistic_regression","95/5","50","vertical","33","0.9564444444444444","0.2088888888888889","0.373876150223257"
"adult-logistic_regression-95/5-vertical50-s22","finished","adult","logistic_regression","95/5","50","vertical","22","0.9551111111111112","0.20444444444444448","0.3530834319266979"
"adult-logistic_regression-95/5-horizontal50-s55","finished","adult","logistic_regression","95/5","50","horizontal","55","0.9546666666666668","0.18584070796460175","0.33942771092269014"
"adult-logistic_regression-95/5-vertical50-s11","finished","adult","logistic_regression","95/5","50","vertical","11","0.9551111111111112","0.2088888888888889","0.3555174821205655"
"adult-logistic_regression-95/5-horizontal50-s44","finished","adult","logistic_regression","95/5","50","horizontal","44","0.9542222222222222","0.13392857142857142","0.2965681047234322"
"adult-logistic_regression-95/5-horizontal50-s22","finished","adult","logistic_regression","95/5","50","horizontal","22","0.9537777777777776","0.1875","0.3234242747396885"
"adult-logistic_regression-95/5-horizontal50-s11","finished","adult","logistic_regression","95/5","50","horizontal","11","0.9551111111111112","0.22321428571428573","0.36105816680501374"
"adult-logistic_regression-95/5-horizontal50-s33","finished","adult","logistic_regression","95/5","50","horizontal","33","0.9573333333333334","0.2767857142857143","0.4145925553842676"
"adult-logistic_regression-95/5-vertical75-s44","finished","adult","logistic_regression","95/5","75","vertical","44","0.9551111111111112","0.17333333333333334","0.3363906985221138"
"adult-logistic_regression-95/5-vertical75-s55","finished","adult","logistic_regression","95/5","75","vertical","55","0.9555555555555556","0.17777777777777778","0.3456704419296204"
"adult-logistic_regression-95/5-vertical75-s11","finished","adult","logistic_regression","95/5","75","vertical","11","0.9553333333333334","0.21777777777777776","0.3631866133510715"
"adult-logistic_regression-95/5-vertical75-s22","finished","adult","logistic_regression","95/5","75","vertical","22","0.9551111111111112","0.2","0.3506565325002237"
"adult-logistic_regression-95/5-vertical75-s33","finished","adult","logistic_regression","95/5","75","vertical","33","0.9573333333333334","0.22666666666666663","0.3945738469592124"
"adult-logistic_regression-95/5-horizontal75-s55","finished","adult","logistic_regression","95/5","75","horizontal","55","0.9555555555555556","0.17857142857142858","0.34298633454882704"
"adult-logistic_regression-95/5-horizontal75-s44","finished","adult","logistic_regression","95/5","75","horizontal","44","0.9534952606635072","0.15384615384615383","0.30125547469159975"
"adult-logistic_regression-95/5-horizontal75-s33","finished","adult","logistic_regression","95/5","75","horizontal","33","0.957345971563981","0.1834319526627219","0.3802825829731062"
"adult-logistic_regression-95/5-horizontal75-s11","finished","adult","logistic_regression","95/5","75","horizontal","11","0.9573333333333334","0.21301775147928995","0.39007508475092145"
"adult-logistic_regression-95/5-horizontal75-s22","finished","adult","logistic_regression","95/5","75","horizontal","22","0.9567407407407408","0.2071005917159763","0.3784817579543844"
"adult-logistic_regression-95/5-vertical100-s55","finished","adult","logistic_regression","95/5","100","vertical","55","0.9551111111111112","0.18222222222222223","0.34106838430495184"
"adult-logistic_regression-95/5-vertical100-s44","finished","adult","logistic_regression","95/5","100","vertical","44","0.9551111111111112","0.17333333333333334","0.3363906985221138"
"adult-logistic_regression-95/5-vertical100-s33","finished","adult","logistic_regression","95/5","100","vertical","33","0.9568888888888888","0.21777777777777776","0.3843330302193329"
"adult-logistic_regression-95/5-vertical100-s22","finished","adult","logistic_regression","95/5","100","vertical","22","0.9555555555555556","0.2","0.3567846690701938"
"adult-logistic_regression-95/5-vertical100-s11","finished","adult","logistic_regression","95/5","100","vertical","11","0.9553333333333334","0.21777777777777776","0.3631866133510715"
"adult-logistic_regression-95/5-horizontal100-s55","finished","adult","logistic_regression","95/5","100","horizontal","55","0.9551111111111112","0.18222222222222223","0.34106838430495184"
"adult-logistic_regression-95/5-horizontal100-s22","finished","adult","logistic_regression","95/5","100","horizontal","22","0.9555555555555556","0.2","0.3567846690701938"
"adult-logistic_regression-95/5-horizontal100-s44","finished","adult","logistic_regression","95/5","100","horizontal","44","0.9551111111111112","0.17333333333333334","0.3363906985221138"
"adult-logistic_regression-95/5-horizontal100-s33","finished","adult","logistic_regression","95/5","100","horizontal","33","0.9568888888888888","0.21777777777777776","0.3843330302193329"
"adult-logistic_regression-95/5-horizontal100-s11","finished","adult","logistic_regression","95/5","100","horizontal","11","0.9553333333333334","0.21777777777777776","0.3631866133510715"
"adult-logistic_regression-90/10-vertical25-s55","finished","adult","logistic_regression","90/10","25","vertical","55","0.9175555555555556","0.32666666666666666","0.43584074475489626"
"adult-logistic_regression-90/10-vertical25-s44","finished","adult","logistic_regression","90/10","25","vertical","44","0.9188888888888888","0.3466666666666667","0.4511588902191863"
"adult-logistic_regression-90/10-vertical25-s22","finished","adult","logistic_regression","90/10","25","vertical","22","0.9182222222222224","0.3","0.4301962027200267"
"adult-logistic_regression-90/10-vertical25-s33","finished","adult","logistic_regression","90/10","25","vertical","33","0.9242222222222222","0.3511111111111111","0.4854937747674563"
"adult-logistic_regression-90/10-horizontal25-s44","finished","adult","logistic_regression","90/10","25","horizontal","44","0.9262877442273536","0.42857142857142855","0.5185018779213433"
"adult-logistic_regression-90/10-vertical25-s11","finished","adult","logistic_regression","90/10","25","vertical","11","0.9175555555555556","0.3377777777777778","0.44013833387018886"
"adult-logistic_regression-90/10-horizontal25-s55","finished","adult","logistic_regression","90/10","25","horizontal","55","0.9182222222222224","0.34513274336283184","0.44865623117249537"
"adult-logistic_regression-90/10-horizontal25-s22","finished","adult","logistic_regression","90/10","25","horizontal","22","0.905861456483126","0.24107142857142855","0.3264626129211194"
"adult-logistic_regression-90/10-horizontal25-s33","finished","adult","logistic_regression","90/10","25","horizontal","33","0.9244444444444444","0.3125","0.47566322388261184"
"adult-logistic_regression-90/10-horizontal25-s11","finished","adult","logistic_regression","90/10","25","horizontal","11","0.9191111111111112","0.26548672566371684","0.4285857457347348"
"adult-logistic_regression-90/10-vertical50-s55","finished","adult","logistic_regression","90/10","50","vertical","55","0.9186666666666666","0.3377777777777778","0.446569309315227"
"adult-logistic_regression-90/10-vertical50-s44","finished","adult","logistic_regression","90/10","50","vertical","44","0.9195555555555556","0.35333333333333333","0.4574459618073406"
"adult-logistic_regression-90/10-vertical50-s22","finished","adult","logistic_regression","90/10","50","vertical","22","0.9195555555555556","0.3","0.4391820434252261"
"adult-logistic_regression-90/10-vertical50-s33","finished","adult","logistic_regression","90/10","50","vertical","33","0.9228888888888888","0.3488888888888889","0.47618855296385415"
"adult-logistic_regression-90/10-vertical50-s11","finished","adult","logistic_regression","90/10","50","vertical","11","0.9182222222222224","0.3377777777777778","0.443973000909428"
"adult-logistic_regression-90/10-horizontal50-s44","finished","adult","logistic_regression","90/10","50","horizontal","44","0.9164444444444444","0.3511111111111111","0.4393638763223417"
"adult-logistic_regression-90/10-horizontal50-s55","finished","adult","logistic_regression","90/10","50","horizontal","55","0.9195555555555556","0.36444444444444446","0.4615262004087207"
"adult-logistic_regression-90/10-horizontal50-s11","finished","adult","logistic_regression","90/10","50","horizontal","11","0.9204444444444444","0.3466666666666667","0.4603099034480032"
"adult-logistic_regression-90/10-horizontal50-s33","finished","adult","logistic_regression","90/10","50","horizontal","33","0.9186666666666666","0.3422222222222222","0.44822056336442345"
"adult-logistic_regression-90/10-horizontal50-s22","finished","adult","logistic_regression","90/10","50","horizontal","22","0.92","0.3333333333333333","0.4530333378893934"
"adult-logistic_regression-90/10-vertical75-s55","finished","adult","logistic_regression","90/10","75","vertical","55","0.9184444444444444","0.34","0.4461000544065898"
"adult-logistic_regression-90/10-vertical75-s44","finished","adult","logistic_regression","90/10","75","vertical","44","0.9193333333333332","0.35777777777777775","0.4578128670441052"
"adult-logistic_regression-90/10-vertical75-s33","finished","adult","logistic_regression","90/10","75","vertical","33","0.924","0.3622222222222222","0.4871490542121054"
"adult-logistic_regression-90/10-vertical75-s22","finished","adult","logistic_regression","90/10","75","vertical","22","0.9182222222222224","0.29777777777777775","0.4294256795775518"
"adult-logistic_regression-90/10-horizontal75-s44","finished","adult","logistic_regression","90/10","75","horizontal","44","0.9164444444444444","0.3431952662721893","0.4367265358144512"
"adult-logistic_regression-90/10-vertical75-s11","finished","adult","logistic_regression","90/10","75","vertical","11","0.9148888888888888","0.33555555555555555","0.4245173858045339"
"adult-logistic_regression-90/10-horizontal75-s55","finished","adult","logistic_regression","90/10","75","horizontal","55","0.9182222222222224","0.3165680473372781","0.4367945592672242"
"adult-logistic_regression-90/10-horizontal75-s22","finished","adult","logistic_regression","90/10","75","horizontal","22","0.9205925925925926","0.35502958579881655","0.46471380397936607"
"adult-logistic_regression-90/10-horizontal75-s33","finished","adult","logistic_regression","90/10","75","horizontal","33","0.9208888888888888","0.3668639053254438","0.4705364668719234"
"adult-logistic_regression-90/10-horizontal75-s11","finished","adult","logistic_regression","90/10","75","horizontal","11","0.9241481481481482","0.35311572700296734","0.48486428260794034"
"adult-logistic_regression-90/10-vertical100-s55","finished","adult","logistic_regression","90/10","100","vertical","55","0.9177777777777778","0.34","0.4422673286608198"
"adult-logistic_regression-90/10-vertical100-s44","finished","adult","logistic_regression","90/10","100","vertical","44","0.9188888888888888","0.35777777777777775","0.4553207506752341"
"adult-logistic_regression-90/10-vertical100-s22","finished","adult","logistic_regression","90/10","100","vertical","22","0.9171111111111112","0.29777777777777775","0.4221762941006466"
"adult-logistic_regression-90/10-vertical100-s11","finished","adult","logistic_regression","90/10","100","vertical","11","0.9162222222222224","0.3488888888888889","0.437261645618687"
"adult-logistic_regression-90/10-vertical100-s33","finished","adult","logistic_regression","90/10","100","vertical","33","0.9226666666666666","0.35777777777777775","0.4774856461139735"
"adult-logistic_regression-90/10-horizontal100-s55","finished","adult","logistic_regression","90/10","100","horizontal","55","0.9177777777777778","0.34","0.4422673286608198"
"adult-logistic_regression-90/10-horizontal100-s44","finished","adult","logistic_regression","90/10","100","horizontal","44","0.9188888888888888","0.35777777777777775","0.4553207506752341"
"adult-logistic_regression-90/10-horizontal100-s33","finished","adult","logistic_regression","90/10","100","horizontal","33","0.9226666666666666","0.35777777777777775","0.4774856461139735"
"adult-logistic_regression-90/10-horizontal100-s11","finished","adult","logistic_regression","90/10","100","horizontal","11","0.9162222222222224","0.3488888888888889","0.437261645618687"
"adult-logistic_regression-80/20-vertical25-s55","finished","adult","logistic_regression","80/20","25","vertical","55","0.8608888888888889","0.5011111111111111","0.5216870558343774"
"adult-logistic_regression-90/10-horizontal100-s22","finished","adult","logistic_regression","90/10","100","horizontal","22","0.9171111111111112","0.29777777777777775","0.4221762941006466"
"adult-logistic_regression-80/20-vertical25-s33","finished","adult","logistic_regression","80/20","25","vertical","33","0.8706666666666667","0.5466666666666666","0.5613442445434074"
"adult-logistic_regression-80/20-vertical25-s44","finished","adult","logistic_regression","80/20","25","vertical","44","0.8611111111111112","0.5144444444444445","0.5256042599457585"
"adult-logistic_regression-80/20-vertical25-s22","finished","adult","logistic_regression","80/20","25","vertical","22","0.8628888888888889","0.5144444444444445","0.5308550725000081"
"adult-logistic_regression-80/20-vertical25-s11","finished","adult","logistic_regression","80/20","25","vertical","11","0.8597777777777778","0.48444444444444446","0.5143726148079931"
"adult-logistic_regression-80/20-horizontal25-s33","finished","adult","logistic_regression","80/20","25","horizontal","33","0.8657777777777778","0.5377777777777778","0.5449301427948785"
"adult-logistic_regression-80/20-horizontal25-s22","finished","adult","logistic_regression","80/20","25","horizontal","22","0.8737777777777778","0.5688888888888889","0.5753675427908054"
"adult-logistic_regression-80/20-horizontal25-s55","finished","adult","logistic_regression","80/20","25","horizontal","55","0.8595555555555555","0.5466666666666666","0.5297663998180961"
"adult-logistic_regression-80/20-horizontal25-s44","finished","adult","logistic_regression","80/20","25","horizontal","44","0.8595555555555555","0.5288888888888889","0.5248843432120907"
"adult-logistic_regression-80/20-horizontal25-s11","finished","adult","logistic_regression","80/20","25","horizontal","11","0.8631111111111112","0.5022222222222222","0.5286912768766167"
"adult-logistic_regression-80/20-vertical50-s55","finished","adult","logistic_regression","80/20","50","vertical","55","0.8631111111111112","0.5188888888888888","0.5325775634955543"
"adult-logistic_regression-80/20-vertical50-s33","finished","adult","logistic_regression","80/20","50","vertical","33","0.8715555555555555","0.5466666666666666","0.5639988413778918"
"adult-logistic_regression-80/20-vertical50-s44","finished","adult","logistic_regression","80/20","50","vertical","44","0.8628888888888889","0.5177777777777778","0.5316534177093005"
"adult-logistic_regression-80/20-vertical50-s11","finished","adult","logistic_regression","80/20","50","vertical","11","0.8597777777777778","0.4866666666666667","0.5148898987476999"
"adult-logistic_regression-80/20-horizontal50-s55","finished","adult","logistic_regression","80/20","50","horizontal","55","0.8746666666666667","0.5533333333333333","0.5747560006013619"
"adult-logistic_regression-80/20-vertical50-s22","finished","adult","logistic_regression","80/20","50","vertical","22","0.8642222222222222","0.5233333333333333","0.5369228370507414"
"adult-logistic_regression-80/20-horizontal50-s33","finished","adult","logistic_regression","80/20","50","horizontal","33","0.8715555555555555","0.5822222222222222","0.5721115568325518"
"adult-logistic_regression-80/20-horizontal50-s44","finished","adult","logistic_regression","80/20","50","horizontal","44","0.8684444444444445","0.5466666666666666","0.5547950334605871"
"adult-logistic_regression-80/20-vertical75-s55","finished","adult","logistic_regression","80/20","75","vertical","55","0.864","0.5333333333333333","0.5386952441358982"
"adult-logistic_regression-80/20-horizontal50-s11","finished","adult","logistic_regression","80/20","50","horizontal","11","0.8648888888888889","0.5333333333333333","0.5412736812415928"
"adult-logistic_regression-80/20-horizontal50-s22","finished","adult","logistic_regression","80/20","50","horizontal","22","0.8702222222222222","0.54","0.5585730919161032"
"adult-logistic_regression-80/20-vertical75-s33","finished","adult","logistic_regression","80/20","75","vertical","33","0.8724444444444445","0.5533333333333333","0.5680735962630276"
"adult-logistic_regression-80/20-vertical75-s44","finished","adult","logistic_regression","80/20","75","vertical","44","0.8664444444444445","0.5477777777777778","0.5492751986253742"
"adult-logistic_regression-80/20-vertical75-s22","finished","adult","logistic_regression","80/20","75","vertical","22","0.8664444444444445","0.5444444444444444","0.548465673848421"
"adult-logistic_regression-80/20-vertical75-s11","finished","adult","logistic_regression","80/20","75","vertical","11","0.8597777777777778","0.4922222222222222","0.5162029736537054"
"adult-logistic_regression-80/20-horizontal75-s55","finished","adult","logistic_regression","80/20","75","horizontal","55","0.856","0.5348148148148149","0.5167511768214028"
"adult-logistic_regression-80/20-horizontal75-s33","finished","adult","logistic_regression","80/20","75","horizontal","33","0.8678518518518519","0.554074074074074","0.5548333692436674"
"adult-logistic_regression-80/20-horizontal75-s44","finished","adult","logistic_regression","80/20","75","horizontal","44","0.8607407407407407","0.4948148148148148","0.5197459257374005"
"adult-logistic_regression-80/20-vertical100-s55","finished","adult","logistic_regression","80/20","100","vertical","55","0.8642222222222222","0.5344444444444445","0.5396114157233913"
"adult-logistic_regression-80/20-horizontal75-s22","finished","adult","logistic_regression","80/20","75","horizontal","22","0.8728888888888889","0.56","0.5708232968424182"
"adult-logistic_regression-80/20-horizontal75-s11","finished","adult","logistic_regression","80/20","75","horizontal","11","0.8607407407407407","0.5244444444444445","0.5270725623909407"
"adult-logistic_regression-80/20-vertical100-s22","finished","adult","logistic_regression","80/20","100","vertical","22","0.8691111111111111","0.56","0.5598570110735863"
"adult-logistic_regression-80/20-vertical100-s33","finished","adult","logistic_regression","80/20","100","vertical","33","0.872","0.5555555555555556","0.5672343839866093"
"adult-logistic_regression-80/20-vertical100-s44","finished","adult","logistic_regression","80/20","100","vertical","44","0.8668888888888889","0.5522222222222222","0.5516326381732114"
"adult-logistic_regression-80/20-vertical100-s11","finished","adult","logistic_regression","80/20","100","vertical","11","0.8615555555555555","0.5022222222222222","0.5239606475045996"
"adult-logistic_regression-80/20-horizontal100-s55","finished","adult","logistic_regression","80/20","100","horizontal","55","0.8642222222222222","0.5344444444444445","0.5396114157233913"
"adult-logistic_regression-80/20-horizontal100-s44","finished","adult","logistic_regression","80/20","100","horizontal","44","0.8668888888888889","0.5522222222222222","0.5516326381732114"
"adult-logistic_regression-80/20-horizontal100-s11","finished","adult","logistic_regression","80/20","100","horizontal","11","0.8615555555555555","0.5022222222222222","0.5239606475045996"
"adult-logistic_regression-80/20-horizontal100-s22","finished","adult","logistic_regression","80/20","100","horizontal","22","0.8691111111111111","0.56","0.5598570110735863"
"adult-logistic_regression-80/20-horizontal100-s33","finished","adult","logistic_regression","80/20","100","horizontal","33","0.872","0.5555555555555556","0.5672343839866093"
"adult-logistic_regression-50/50-vertical25-s44","finished","adult","logistic_regression","50/50","25","vertical","44","0.8186666666666667","0.8342222222222222","0.6376419952772046"
"adult-logistic_regression-50/50-vertical25-s55","finished","adult","logistic_regression","50/50","25","vertical","55","0.82","0.8462222222222222","0.6408819540464235"
"adult-logistic_regression-50/50-vertical25-s22","finished","adult","logistic_regression","50/50","25","vertical","22","0.8168888888888889","0.8417777777777777","0.6345644358778665"
"adult-logistic_regression-50/50-vertical25-s33","finished","adult","logistic_regression","50/50","25","vertical","33","0.8084444444444444","0.8297777777777777","0.6174511626719037"
"adult-logistic_regression-50/50-vertical25-s11","finished","adult","logistic_regression","50/50","25","vertical","11","0.8166666666666667","0.8395555555555556","0.6339979863840679"
"adult-logistic_regression-50/50-horizontal25-s44","finished","adult","logistic_regression","50/50","25","horizontal","44","0.8090586145648313","0.8170515097690941","0.6181962228064821"
"adult-logistic_regression-50/50-horizontal25-s55","finished","adult","logistic_regression","50/50","25","horizontal","55","0.8204444444444444","0.8472468916518651","0.6417850789035733"
"adult-logistic_regression-50/50-horizontal25-s11","finished","adult","logistic_regression","50/50","25","horizontal","11","0.8257777777777778","0.8398576512455516","0.6518278230409948"
"adult-logistic_regression-50/50-horizontal25-s33","finished","adult","logistic_regression","50/50","25","horizontal","33","0.8284444444444444","0.8294849023090586","0.6568891136392853"
"adult-logistic_regression-50/50-horizontal25-s22","finished","adult","logistic_regression","50/50","25","horizontal","22","0.824","0.8401420959147424","0.6483217543089055"
"adult-logistic_regression-50/50-vertical50-s55","finished","adult","logistic_regression","50/50","50","vertical","55","0.8195555555555556","0.8475555555555555","0.6401156005107868"
"adult-logistic_regression-50/50-vertical50-s44","finished","adult","logistic_regression","50/50","50","vertical","44","0.8155555555555556","0.8351111111111111","0.6315943643091069"
"adult-logistic_regression-50/50-vertical50-s33","finished","adult","logistic_regression","50/50","50","vertical","33","0.8117777777777778","0.8351111111111111","0.6242356492931894"
"adult-logistic_regression-50/50-vertical50-s11","finished","adult","logistic_regression","50/50","50","vertical","11","0.8166666666666667","0.8377777777777777","0.6338986159985465"
"adult-logistic_regression-50/50-vertical50-s22","finished","adult","logistic_regression","50/50","50","vertical","22","0.8226666666666667","0.8457777777777777","0.6460238152799065"
"adult-logistic_regression-50/50-horizontal50-s55","finished","adult","logistic_regression","50/50","50","horizontal","55","0.8111111111111111","0.8204444444444444","0.6223306554985464"
"adult-logistic_regression-50/50-horizontal50-s44","finished","adult","logistic_regression","50/50","50","horizontal","44","0.8204444444444444","0.8195555555555556","0.6408899016539781"
"adult-logistic_regression-50/50-horizontal50-s33","finished","adult","logistic_regression","50/50","50","horizontal","33","0.8231111111111111","0.824","0.646223243415315"
"adult-logistic_regression-50/50-horizontal50-s22","finished","adult","logistic_regression","50/50","50","horizontal","22","0.8177777777777778","0.8222222222222222","0.6355806654111837"
"adult-logistic_regression-50/50-vertical75-s55","finished","adult","logistic_regression","50/50","75","vertical","55","0.8222222222222222","0.8475555555555555","0.64527322070371"
"adult-logistic_regression-50/50-horizontal50-s11","finished","adult","logistic_regression","50/50","50","horizontal","11","0.8191111111111111","0.8444444444444444","0.6390429965038121"
"adult-logistic_regression-50/50-vertical75-s44","finished","adult","logistic_regression","50/50","75","vertical","44","0.8188888888888889","0.8377777777777777","0.638233371113566"
"adult-logistic_regression-50/50-vertical75-s33","finished","adult","logistic_regression","50/50","75","vertical","33","0.8126666666666666","0.8364444444444444","0.6260416402703775"
"adult-logistic_regression-50/50-vertical75-s11","finished","adult","logistic_regression","50/50","75","vertical","11","0.8137777777777778","0.8351111111111111","0.6281275516518213"
"adult-logistic_regression-50/50-vertical75-s22","finished","adult","logistic_regression","50/50","75","vertical","22","0.8251111111111111","0.8457777777777777","0.6507783692050357"
"adult-logistic_regression-50/50-horizontal75-s44","finished","adult","logistic_regression","50/50","75","horizontal","44","0.8180740740740741","0.8406398104265402","0.6367894170056028"
"adult-logistic_regression-50/50-horizontal75-s33","finished","adult","logistic_regression","50/50","75","horizontal","33","0.8231111111111111","0.8470657972732661","0.6469729441331257"
"adult-logistic_regression-50/50-horizontal75-s55","finished","adult","logistic_regression","50/50","75","horizontal","55","0.8142222222222222","0.8393598103141672","0.6292486970834126"
"adult-logistic_regression-50/50-horizontal75-s11","finished","adult","logistic_regression","50/50","75","horizontal","11","0.8168888888888889","0.8359004739336493","0.6342299352187848"
"adult-logistic_regression-50/50-vertical100-s55","finished","adult","logistic_regression","50/50","100","vertical","55","0.8224444444444444","0.8404444444444444","0.645307183515205"
"adult-logistic_regression-50/50-horizontal75-s22","finished","adult","logistic_regression","50/50","75","horizontal","22","0.8305185185185185","0.8578199052132701","0.662016140844044"
"adult-logistic_regression-50/50-vertical100-s33","finished","adult","logistic_regression","50/50","100","vertical","33","0.814","0.8328888888888889","0.6284486086295951"
"adult-logistic_regression-50/50-vertical100-s22","finished","adult","logistic_regression","50/50","100","vertical","22","0.8262222222222222","0.8457777777777777","0.652944032961809"
"adult-logistic_regression-50/50-vertical100-s44","finished","adult","logistic_regression","50/50","100","vertical","44","0.8184444444444444","0.8373333333333334","0.6373438472513869"
"adult-logistic_regression-50/50-vertical100-s11","finished","adult","logistic_regression","50/50","100","vertical","11","0.8175555555555556","0.8355555555555556","0.6355230635721765"
"adult-logistic_regression-50/50-horizontal100-s44","finished","adult","logistic_regression","50/50","100","horizontal","44","0.8184444444444444","0.8373333333333334","0.6373438472513869"
"adult-logistic_regression-50/50-horizontal100-s55","finished","adult","logistic_regression","50/50","100","horizontal","55","0.8224444444444444","0.8404444444444444","0.645307183515205"
"adult-logistic_regression-50/50-horizontal100-s22","finished","adult","logistic_regression","50/50","100","horizontal","22","0.8262222222222222","0.8457777777777777","0.652944032961809"
"adult-logistic_regression-50/50-horizontal100-s11","finished","adult","logistic_regression","50/50","100","horizontal","11","0.8175555555555556","0.8355555555555556","0.6355230635721765"
"adult-logistic_regression-50/50-horizontal100-s33","finished","adult","logistic_regression","50/50","100","horizontal","33","0.814","0.8328888888888889","0.6284486086295951"